name,rank,type,founded,religon,schedule,location_type,phone_num,alumni_sal,four_year_grad_rate,sport_assoc,usnews_score,six_year_grad_rate,six_year_with_pell,six_year_without_pell,percent_class_less_twenty,percent_class_more_fifty,student_to_fac,app_deadline,app_fee,acceptance_rate,sat_1400-1600,sat_1200-1399,sat_1000-1199,sat_800-999,sat_600-799,sat_400-599,total_enroll,undergrad_enroll,grad_enroll,tuition,room_and_board,fed_debt,fed_debt_not_grad
Princeton University,1,Private,1746.0,None,Semester,Suburban,(609) 258-3000,71300.0,90.0,NCAA I,100.0,97.0,98.0,98.0,77.6,9.0,4:1,Jan. 1,70.0,6.0,86.15,13.24,0.61,0.0,0.0,0.0,7852.0,4773.0,3079.0,10750.0,6001.0,56010.0,18180.0
Harvard University,2,Private,1636.0,None,Semester,Urban,(617) 495-1000,69000.0,86.0,NCAA I,97.0,97.0,97.0,98.0,76.3,10.0,5:1,Jan. 1,75.0,5.0,N/A,N/A,N/A,N/A,N/A,N/A,19218.0,5222.0,13996.0,13750.0,12500.0,55587.0,18941.0
Massachusetts Institute of Technology,2,Private,1861.0,None,4-1-4,Urban,N/A,82700.0,87.0,NCAA III,97.0,95.0,94.0,96.0,70.1,11.0,3:1,Jan. 1,75.0,7.0,98.8,1.2,0.0,0.0,0.0,0.0,11254.0,4361.0,6893.0,12500.0,5500.0,55878.0,18100.0
Yale University,5,Private,1701.0,None,Semester,City,(203) 432-4771,65900.0,84.0,NCAA I,96.0,97.0,94.0,97.0,76.9,8.0,4:1,Jan. 2,80.0,7.0,89.6,10.1,0.3,0.0,0.0,0.0,12060.0,4703.0,7357.0,13060.0,10915.0,59950.0,17800.0
Stanford University,6,Private,1885.0,None,Quarter,Suburban,(650) 723-2300,73900.0,74.0,NCAA I,95.0,94.0,95.0,95.0,68.6,12.0,5:1,Jan. 2,90.0,5.0,79.0,19.0,2.0,0.0,0.0,0.0,15961.0,6366.0,9595.0,11750.0,8037.0,56169.0,17860.0
University of Chicago,6,Private,1890.0,None,Quarter,Urban,(773) 702-1234,59700.0,91.0,NCAA III,95.0,95.0,94.0,96.0,78.9,6.0,5:1,Nov. 1,75.0,7.0,99.0,1.0,0.0,0.0,0.0,0.0,15278.0,6989.0,8289.0,16378.0,10692.0,60963.0,17685.0
University of Pennsylvania,8,Private,1740.0,None,Semester,Urban,(215) 898-5000,68200.0,86.0,NCAA I,94.0,96.0,92.0,96.0,69.6,9.0,6:1,Jan. 5,75.0,9.0,90.0,10.0,0.0,0.0,0.0,0.0,22436.0,9872.0,12564.0,18250.0,12500.0,61710.0,17304.0
California Institute of Technology,9,Private,1891.0,None,Quarter,Suburban,(626) 395-6811,82900.0,86.0,NCAA III,93.0,92.0,92.0,91.0,66.7,9.0,3:1,Jan. 3,75.0,7.0,99.0,1.0,0.0,0.0,0.0,0.0,2240.0,901.0,1339.0,11242.0,5500.0,58680.0,17748.0
Duke University,9,Private,1838.0,None,Semester,Suburban,(919) 684-2724,68900.0,90.0,NCAA I,93.0,95.0,94.0,96.0,75.4,7.0,6:1,Jan. 3,85.0,8.0,85.35,12.25,1.36,0.73,0.0,0.0,16172.0,6717.0,9455.0,12582.0,5500.0,60489.0,17484.0
Johns Hopkins University,9,Private,1876.0,None,Semester,Urban,(941) 516-8000,65900.0,89.0,NCAA III,93.0,93.0,93.0,95.0,74.3,9.0,6:1,Jan. 2,70.0,9.0,94.0,4.9,1.1,0.0,0.0,0.0,28890.0,6331.0,22559.0,15500.0,6937.0,58720.0,16800.0
Northwestern University,9,Private,1851.0,None,Quarter,Suburban,(847) 491-3741,61100.0,85.0,NCAA I,93.0,95.0,93.0,95.0,77.7,6.0,6:1,Jan. 3,75.0,9.0,82.22,16.88,0.9,0.0,0.0,0.0,22072.0,8194.0,13878.0,15500.0,8667.0,60984.0,18213.0
Dartmouth College,13,Private,1769.0,None,Quarter,Rural,(603) 646-1110,66100.0,87.0,NCAA I,91.0,95.0,91.0,95.0,63.4,6.0,7:1,Jan. 2,80.0,9.0,83.0,15.0,2.0,0.0,0.0,0.0,6292.0,4170.0,2122.0,15000.0,5747.0,60870.0,17586.0
Brown University,14,Private,1764.0,None,Semester,City,(401) 863-1000,63400.0,84.0,NCAA I,88.0,95.0,92.0,96.0,69.8,11.0,6:1,Jan. 5,75.0,8.0,85.61,13.25,1.14,0.0,0.0,0.0,9948.0,6792.0,3156.0,15000.0,7500.0,62404.0,16346.0
Vanderbilt University,14,Private,1873.0,None,Semester,Urban,(615) 322-7311,63600.0,88.0,NCAA I,88.0,93.0,90.0,93.0,56.7,13.0,8:1,Jan. 1,50.0,12.0,90.0,9.0,1.0,0.0,0.0,0.0,13537.0,7057.0,6480.0,14962.0,6500.0,56966.0,18376.0
Washington University in St. Louis,14,Private,1853.0,None,Semester,City,(314) 935-5000,63300.0,88.0,NCAA III,88.0,95.0,92.0,95.0,66.5,8.0,7:1,Jan. 3,75.0,16.0,94.0,6.0,0.0,0.0,0.0,0.0,15449.0,7653.0,7796.0,16500.0,9301.0,58866.0,17900.0
Cornell University,17,Private,1865.0,None,Semester,Rural,(607) 255-2000,67900.0,89.0,NCAA I,87.0,95.0,94.0,96.0,62.5,14.0,9:1,Jan. 2,80.0,11.0,78.91,19.23,1.86,0.0,0.0,0.0,23620.0,14743.0,8877.0,14661.0,6750.0,61015.0,16446.0
Rice University,17,Private,1912.0,None,Semester,Urban,(713) 348-0000,67500.0,85.0,NCAA I,87.0,93.0,90.0,95.0,69.4,7.0,6:1,Jan. 1,75.0,11.0,88.9,8.2,2.9,0.0,0.0,0.0,7643.0,4076.0,3567.0,11989.0,6655.0,52895.0,14800.0
University of Notre Dame,19,Private,1842.0,Roman Catholic,Semester,Suburban,(574) 631-5000,65000.0,93.0,NCAA I,85.0,96.0,94.0,97.0,58.8,11.0,8:1,Jan. 1,75.0,19.0,N/A,N/A,N/A,N/A,N/A,N/A,12809.0,8874.0,3935.0,19000.0,7250.0,58843.0,16304.0
University of California--Los Angeles,20,Public,1919.0,None,Quarter,Urban,(310) 825-4321,58500.0,81.0,NCAA I,84.0,91.0,88.0,93.0,48.0,23.0,18:1,Nov. 30,70.0,14.0,58.2,29.0,12.2,0.6,0.0,0.0,46000.0,31636.0,14364.0,15000.0,11000.0,13268.0,43022.0
Emory University,21,Private,1836.0,United Methodist,Semester,City,(404) 727-6123,60200.0,82.0,NCAA III,83.0,90.0,87.0,91.0,56.6,13.0,9:1,Jan. 1,75.0,19.0,75.8,23.1,1.1,0.0,0.0,0.0,14002.0,7010.0,6992.0,16500.0,7436.0,55468.0,16302.0
University of California--Berkeley,22,Public,1868.0,None,Semester,City,(510) 642-6000,66800.0,76.0,NCAA I,82.0,92.0,89.0,94.0,54.7,21.0,19:1,Nov. 30,70.0,18.0,59.63,26.9,12.03,1.43,0.02,0.0,42597.0,30980.0,11617.0,13478.0,9000.0,14361.0,44115.0
Georgetown University,23,Private,1789.0,Roman Catholic,Semester,Urban,(202) 687-0100,59500.0,90.0,NCAA I,81.0,95.0,93.0,94.0,60.4,6.0,11:1,Jan. 10,75.0,17.0,72.0,23.0,4.0,0.0,0.0,0.0,19371.0,7357.0,12014.0,16421.0,7000.0,59957.0,18748.0
University of Michigan--Ann Arbor,23,Public,1817.0,None,Trimester,City,(734) 764-1817,64700.0,81.0,NCAA I,81.0,93.0,89.0,94.0,57.3,17.0,14:1,Feb. 1,75.0,26.0,67.0,27.0,6.0,0.0,0.0,0.0,47907.0,31329.0,16578.0,17500.0,9000.0,16178.0,53232.0
Carnegie Mellon University,25,Private,1900.0,None,Semester,Urban,(412) 268-2000,74600.0,80.0,NCAA III,80.0,90.0,90.0,94.0,66.6,12.0,6:1,Jan. 1,75.0,17.0,89.0,10.0,1.0,0.0,0.0,0.0,14189.0,7073.0,7116.0,23250.0,14000.0,58924.0,16150.0
University of Virginia,25,Public,1819.0,None,Semester,Suburban,(434) 924-0311,62300.0,89.0,NCAA I,80.0,95.0,90.0,95.0,52.4,14.0,14:1,Jan. 1,75.0,23.0,56.9,36.5,6.1,0.5,0.0,0.0,25629.0,17311.0,8318.0,18878.0,8508.0,19698.0,53666.0
University of Southern California,27,Private,1880.0,None,Semester,Urban,(213) 740-2311,60600.0,79.0,NCAA I,79.0,92.0,91.0,92.0,63.3,12.0,9:1,Jan. 15,85.0,16.0,67.31,26.38,5.64,0.67,0.0,0.0,46107.0,19606.0,26501.0,19459.0,12000.0,60275.0,15437.0
New York University,28,Private,1831.0,None,Semester,Urban,(212) 998-1212,59500.0,79.0,NCAA III,78.0,86.0,86.0,88.0,63.4,9.0,8:1,Jan. 5,80.0,21.0,N/A,N/A,N/A,N/A,N/A,N/A,52775.0,27444.0,25331.0,20500.0,12000.0,56500.0,19682.0
Tufts University,28,Private,1852.0,None,Semester,Suburban,(617) 628-5000,62000.0,89.0,NCAA III,78.0,94.0,93.0,94.0,65.5,7.0,9:1,Jan. 1,75.0,16.0,N/A,N/A,N/A,N/A,N/A,N/A,12219.0,6114.0,6105.0,16900.0,8000.0,63000.0,16210.0
University of California--Santa Barbara,28,Public,1909.0,None,Quarter,Suburban,(805) 893-8000,55700.0,71.0,NCAA I,78.0,84.0,86.0,91.0,54.1,20.0,17:1,Nov. 30,70.0,37.0,43.8,39.03,15.66,1.49,0.02,0.0,26179.0,23196.0,2983.0,15000.0,10830.0,14442.0,44196.0
University of Florida,28,Public,1853.0,None,Semester,Suburban,(352) 392-3261,55000.0,67.0,NCAA I,78.0,89.0,86.0,90.0,53.3,9.0,17:1,March 1,30.0,31.0,44.0,50.0,6.0,0.0,0.0,0.0,53372.0,34931.0,18441.0,15867.0,9032.0,6380.0,28658.0
University of North Carolina at Chapel Hill,28,Public,1789.0,None,Semester,Suburban,(919) 966-3621,51500.0,86.0,NCAA I,78.0,91.0,89.0,92.0,46.4,12.0,15:1,Jan. 15,85.0,24.0,43.9,44.5,11.1,0.5,0.0,0.0,30098.0,19399.0,10699.0,15400.0,8000.0,8992.0,36776.0
Wake Forest University,28,Private,1834.0,None,Semester,Suburban,(336) 758-5000,56800.0,85.0,NCAA I,78.0,89.0,82.0,89.0,49.9,1.0,11:1,Jan. 1,65.0,32.0,50.8,39.75,8.2,1.25,0.0,0.0,8789.0,5441.0,3348.0,19500.0,7705.0,59770.0,18014.0
University of California--San Diego,34,Public,1960.0,None,Quarter,Urban,(858) 534-2230,60200.0,68.0,NCAA I,77.0,86.0,84.0,89.0,46.0,24.0,19:1,Nov. 30,70.0,38.0,48.0,39.0,13.0,0.0,0.0,0.0,39037.0,31842.0,7195.0,16500.0,9314.0,14733.0,44487.0
University of Rochester,34,Private,1850.0,Undenominational,Semester,Urban,(585) 275-2121,56700.0,76.0,NCAA III,77.0,86.0,84.0,86.0,78.5,8.0,9:1,Jan. 5,50.0,35.0,60.0,35.0,5.0,0.0,0.0,0.0,11741.0,6521.0,5220.0,19000.0,9000.0,59344.0,17456.0
Boston College,36,Private,1863.0,Roman Catholic,Semester,Suburban,(617) 552-3100,60400.0,89.0,NCAA I,76.0,93.0,91.0,92.0,65.0,1.0,11:1,Jan. 1,80.0,26.0,63.42,30.6,5.4,0.52,0.06,0.0,14570.0,9445.0,5125.0,17500.0,7612.0,61706.0,15602.0
University of California--Irvine,36,Public,1965.0,None,Quarter,Suburban,(949) 824-5011,56800.0,69.0,NCAA I,76.0,84.0,83.0,87.0,50.7,23.0,18:1,Nov. 30,70.0,30.0,29.63,55.18,14.91,0.28,0.0,0.0,36303.0,29638.0,6665.0,15488.0,9500.0,13955.0,43709.0
Georgia Institute of Technology,38,Public,1885.0,None,Semester,Urban,(404) 894-2000,70700.0,47.0,NCAA I,74.0,88.0,86.0,91.0,33.3,28.0,18:1,Jan. 4,75.0,21.0,71.31,25.29,2.71,0.65,0.04,0.0,39772.0,16561.0,23211.0,23000.0,13500.0,12682.0,33794.0
University of California--Davis,38,Public,1905.0,None,Quarter,City,(530) 752-1011,57900.0,N/A,NCAA I,74.0,86.0,83.0,88.0,32.4,31.0,20:1,Nov. 30,70.0,46.0,20.5,47.6,27.0,4.7,0.15,0.0,39075.0,31162.0,7913.0,13000.0,7016.0,14654.0,44408.0
University of Texas at Austin,38,Public,1883.0,None,Semester,Urban,(512) 471-3434,58800.0,70.0,NCAA I,74.0,85.0,81.0,89.0,47.5,14.0,18:1,Dec. 1,75.0,32.0,37.13,42.1,19.24,1.51,0.03,0.0,50476.0,40048.0,10428.0,19630.0,11750.0,11448.0,40032.0
William & Mary,38,Public,1693.0,None,Semester,Suburban,(757) 221-4000,54200.0,85.0,NCAA I,74.0,91.0,88.0,92.0,49.3,8.0,12:1,Jan. 1,75.0,42.0,50.3,41.8,7.6,0.3,0.0,0.0,8939.0,6236.0,2703.0,19000.0,8340.0,23812.0,46467.0
Boston University,42,Private,1839.0,None,Semester,Urban,(617) 353-2000,57200.0,84.0,NCAA I,73.0,88.0,89.0,89.0,56.3,15.0,10:1,Jan. 4,80.0,20.0,59.0,39.0,2.0,0.0,0.0,0.0,32718.0,16872.0,15846.0,25000.0,12000.0,59816.0,16840.0
Brandeis University,42,Private,1948.0,None,Semester,Suburban,(781) 736-2000,55700.0,82.0,NCAA III,73.0,89.0,90.0,89.0,55.4,10.0,10:1,Jan. 1,80.0,34.0,61.0,35.0,4.0,0.0,0.0,0.0,5440.0,3493.0,1947.0,26150.0,12000.0,60391.0,16650.0
Case Western Reserve University,42,Private,1826.0,None,Semester,Urban,(216) 368-2000,64800.0,64.0,NCAA III,73.0,84.0,83.0,86.0,62.9,13.0,11:1,Jan. 15,70.0,30.0,63.0,36.0,1.0,0.0,0.0,0.0,11468.0,5433.0,6035.0,24192.0,10591.0,54020.0,16080.0
Tulane University,42,Private,1834.0,None,Semester,Urban,(504) 865-5000,51800.0,77.0,NCAA I,73.0,85.0,78.0,87.0,57.5,8.0,8:1,Nov. 15,N/A,11.0,58.0,39.0,2.0,1.0,0.0,0.0,13090.0,7700.0,5390.0,21370.0,12000.0,60814.0,16818.0
University of Wisconsin--Madison,42,Public,1848.0,None,Semester,City,(608) 262-1234,55800.0,67.0,NCAA I,73.0,88.0,83.0,89.0,46.7,24.0,17:1,Feb. 1,60.0,57.0,43.0,49.0,8.0,0.0,0.0,0.0,45540.0,33585.0,11955.0,20500.0,12250.0,10720.0,38608.0
University of Illinois--Urbana-Champaign,47,Public,1867.0,None,Semester,City,(217) 333-1000,62200.0,72.0,NCAA I,72.0,85.0,80.0,88.0,38.3,21.0,20:1,Jan. 5,50.0,63.0,41.0,40.0,20.0,0.0,0.0,0.0,52679.0,33683.0,18996.0,19000.0,7999.0,16866.0,34316.0
University of Georgia,48,Public,1785.0,None,Semester,City,(706) 542-3000,51900.0,68.0,NCAA I,71.0,86.0,81.0,89.0,45.7,11.0,17:1,Jan. 1,70.0,48.0,26.23,58.76,14.36,0.58,0.07,0.0,39147.0,29765.0,9382.0,18750.0,12000.0,12080.0,31120.0
Lehigh University,49,Private,1865.0,None,Semester,City,(610) 758-3000,68600.0,79.0,NCAA I,70.0,88.0,88.0,88.0,46.8,8.0,9:1,Jan. 15,70.0,50.0,37.5,53.1,9.4,0.0,0.0,0.0,7067.0,5203.0,1864.0,23250.0,10465.0,57470.0,15330.0
Northeastern University,49,Private,1898.0,None,Semester,Urban,(617) 373-2000,62500.0,N/A,NCAA I,70.0,89.0,90.0,90.0,61.8,6.0,14:1,Jan. 1,75.0,20.0,84.2,13.11,2.69,0.0,0.0,0.0,22905.0,15156.0,7749.0,24855.0,13666.0,57592.0,17810.0
The Ohio State University,49,Public,1870.0,None,Semester,Urban,(614) 292-6446,55100.0,65.0,NCAA I,70.0,85.0,80.0,88.0,29.7,24.0,19:1,Feb. 1,60.0,68.0,24.0,58.0,16.0,2.0,0.0,0.0,61369.0,46984.0,14385.0,21000.0,6500.0,11936.0,35019.0
Pepperdine University,49,Private,1937.0,Churches of Christ,Semester,Suburban,(310) 506-4000,54000.0,80.0,NCAA I,70.0,86.0,89.0,88.0,65.0,3.0,13:1,Jan. 15,65.0,42.0,25.0,53.0,22.0,1.0,0.0,0.0,9554.0,3459.0,6095.0,25500.0,12269.0,59702.0,16700.0
Purdue University,49,Public,1869.0,None,Semester,City,(765) 494-4600,62400.0,60.0,NCAA I,70.0,81.0,77.0,85.0,43.5,19.0,13:1,rolling,60.0,67.0,29.0,46.0,23.0,1.0,0.0,0.0,45869.0,34920.0,10949.0,19500.0,7743.0,9992.0,28794.0
Villanova University,49,Private,1842.0,Roman Catholic,Semester,Suburban,(610) 519-4500,63800.0,89.0,NCAA I,70.0,91.0,87.0,93.0,42.9,3.0,11:1,Jan. 15,80.0,31.0,49.0,46.0,5.0,1.0,0.0,0.0,11032.0,7037.0,3995.0,26000.0,10750.0,59900.0,N/A
Florida State University,55,Public,1851.0,None,Semester,City,(850) 644-2525,48000.0,72.0,NCAA I,69.0,83.0,80.0,85.0,61.0,11.0,21:1,March 1,30.0,32.0,11.9,73.9,13.7,0.5,0.0,0.0,43569.0,32543.0,11026.0,19002.0,8750.0,6517.0,21683.0
Rensselaer Polytechnic Institute,46,Private,1824.0,None,Semester,Suburban,(518) 276-6000,71200.0,74.0,NCAA I,69.0,85.0,82.0,88.0,44.7,12.0,14:1,Jan. 15,70.0,57.0,45.68,48.82,5.42,0.08,0.0,0.0,7616.0,6283.0,1333.0,25000.0,8915.0,58526.0,16379.0
Santa Clara University,55,Private,1851.0,Roman Catholic,Differs by program,City,(408) 554-4000,65900.0,88.0,NCAA I,69.0,91.0,91.0,92.0,37.7,1.0,11:1,Jan. 7,70.0,51.0,37.0,56.0,7.0,0.0,0.0,0.0,8616.0,5608.0,3008.0,19917.0,7020.0,55860.0,16533.0
University of Miami,55,Private,1925.0,None,Semester,Suburban,(305) 284-2211,54900.0,72.0,NCAA I,69.0,83.0,78.0,84.0,53.4,8.0,12:1,Jan. 1,70.0,33.0,28.0,64.0,7.0,1.0,0.0,0.0,17809.0,11334.0,6475.0,17125.0,7753.0,54760.0,15880.0
Syracuse University,59,Private,1870.0,None,Semester,City,(315) 443-1870,55700.0,71.0,NCAA I,68.0,83.0,80.0,84.0,54.1,10.0,15:1,Jan. 1,85.0,69.0,13.0,58.0,27.0,2.0,0.0,0.0,21322.0,14479.0,6843.0,27000.0,12000.0,57591.0,16895.0
University of Maryland,59,Public,1856.0,None,Semester,Suburban,(301) 405-1000,60500.0,70.0,NCAA I,68.0,86.0,82.0,88.0,45.4,18.0,17:1,Jan. 20,75.0,49.0,45.2,42.6,10.4,1.8,0.0,0.0,40709.0,30875.0,9834.0,19500.0,10750.0,10954.0,38636.0
University of Pittsburgh,59,Public,1787.0,None,Semester,Urban,(412) 624-4141,55700.0,69.0,NCAA I,68.0,83.0,76.0,85.0,42.7,17.0,14:1,rolling,55.0,64.0,28.0,63.0,8.0,1.0,0.0,0.0,28234.0,19197.0,9037.0,25125.0,8750.0,19092.0,34124.0
University of Washington,59,Public,1861.0,None,Quarter,Urban,(206) 543-9686,59100.0,68.0,NCAA I,68.0,84.0,80.0,85.0,27.8,26.0,20:1,Nov. 15,80.0,56.0,33.5,46.26,17.1,3.02,0.12,0.0,51487.0,35582.0,15905.0,15000.0,10222.0,12076.0,39906.0
George Washington University,63,Private,1821.0,None,Semester,Urban,(202) 994-1000,55000.0,79.0,NCAA I,67.0,83.0,83.0,86.0,42.7,12.0,13:1,Jan. 1,80.0,43.0,37.6,54.6,7.5,0.3,0.0,0.0,27017.0,11762.0,15255.0,21500.0,11000.0,59870.0,15440.0
The Pennsylvania State University,63,Public,1855.0,None,Semester,City,(814) 865-4700,58900.0,70.0,NCAA I,67.0,86.0,79.0,87.0,34.2,18.0,14:1,rolling,65.0,54.0,10.98,55.09,32.15,1.75,0.03,0.0,46313.0,39809.0,6504.0,25928.0,10500.0,18898.0,36476.0
Rutgers University--New Brunswick,63,Public,1766.0,None,Semester,City,(732) 932-1766,57600.0,67.0,NCAA I,67.0,82.0,83.0,85.0,39.1,21.0,16:1,rolling,70.0,67.0,N/A,N/A,N/A,N/A,N/A,N/A,50411.0,35844.0,14567.0,21769.0,9250.0,15804.0,33005.0
University of Connecticut,63,Public,1881.0,None,Semester,Rural,(860) 486-2000,59400.0,73.0,NCAA I,67.0,84.0,76.0,85.0,53.5,15.0,16:1,Jan. 15,80.0,56.0,21.04,54.19,22.47,2.3,0.0,0.0,27215.0,18917.0,8298.0,22000.0,8750.0,18524.0,41192.0
Worcester Polytechnic Institute,63,Private,1865.0,None,Semester,City,(508) 831-5000,71400.0,81.0,NCAA III,67.0,89.0,85.0,90.0,64.4,9.0,13:1,Feb. 15,N/A,59.0,N/A,N/A,N/A,N/A,N/A,N/A,6920.0,4892.0,2028.0,27000.0,12000.0,55531.0,16140.0
Fordham University,68,Private,1841.0,Roman Catholic,Semester,Urban,(718) 817-1000,54900.0,79.0,NCAA I,66.0,82.0,81.0,84.0,51.4,1.0,13:1,Jan. 1,70.0,53.0,28.37,57.41,13.95,0.27,0.0,0.0,16364.0,9399.0,6965.0,26000.0,8118.0,55776.0,21035.0
Indiana University--Bloomington,68,Public,1820.0,None,Semester,City,(812) 855-4848,51700.0,69.0,NCAA I,66.0,79.0,67.0,83.0,47.1,12.0,16:1,rolling,65.0,80.0,16.5,41.3,38.7,3.4,0.1,0.0,43064.0,32986.0,10078.0,19500.0,8250.0,11334.0,38354.0
Southern Methodist University,68,Private,1911.0,United Methodist,Semester,Urban,(214) 768-2000,56800.0,73.0,NCAA I,66.0,80.0,76.0,82.0,55.2,11.0,11:1,Jan. 15,60.0,53.0,41.32,44.46,14.05,0.17,0.0,0.0,12373.0,6827.0,5546.0,21000.0,12500.0,60236.0,17438.0
Texas A&M University,68,Public,1876.0,None,Semester,City,(979) 845-3211,60100.0,57.0,NCAA I,66.0,82.0,73.0,86.0,26.2,28.0,19:1,Dec. 1,75.0,63.0,21.47,49.0,26.87,2.65,0.01,0.0,70418.0,55568.0,14850.0,18445.0,7500.0,13178.0,40087.0
University of Massachusetts--Amherst,68,Public,1863.0,None,Semester,Suburban,(413) 545-0111,55800.0,76.0,NCAA I,66.0,81.0,81.0,84.0,47.3,19.0,17:1,Jan. 15,85.0,65.0,19.6,58.9,21.0,0.5,0.0,0.0,31642.0,24233.0,7409.0,23250.0,17895.0,16439.0,36964.0
"University of Minnesota, Twin Cities",68,Public,1851.0,None,Semester,Urban,(612) 625-5000,56500.0,71.0,NCAA I,66.0,82.0,78.0,86.0,36.0,20.0,17:1,rolling,55.0,70.0,36.0,51.0,11.0,2.0,0.0,0.0,52017.0,36061.0,15956.0,19500.0,9408.0,15253.0,33843.0
Yeshiva University,68,Private,1886.0,None,Semester,Urban,(212) 960-5400,53600.0,69.0,NCAA III,66.0,81.0,69.0,80.0,63.7,1.0,7:1,Feb. 1,65.0,67.0,29.0,40.0,31.0,0.0,0.0,0.0,4659.0,2017.0,2642.0,19500.0,8125.0,47500.0,13000.0
Baylor University,75,Private,1845.0,Baptist,Semester,City,(254) 710-1011,53400.0,64.0,NCAA I,65.0,78.0,71.0,81.0,51.9,9.0,15:1,Feb. 1,N/A,68.0,17.0,60.0,23.0,0.0,0.0,0.0,19297.0,14399.0,4898.0,24225.0,6500.0,50232.0,14324.0
Clemson University,75,Public,1889.0,None,Semester,Suburban,(864) 656-3311,57400.0,63.0,NCAA I,65.0,84.0,74.0,87.0,37.7,17.0,16:1,May 1,70.0,62.0,21.0,63.0,15.0,1.0,0.0,0.0,26378.0,20840.0,5538.0,21500.0,8750.0,15120.0,37712.0
Loyola Marymount University,75,Private,1911.0,Roman Catholic,Semester,Suburban,(800) 568-4636,54700.0,75.0,NCAA I,65.0,82.0,80.0,83.0,49.5,1.0,10:1,Jan. 15,60.0,50.0,23.1,60.6,16.1,0.2,0.0,0.0,9686.0,6673.0,3013.0,20500.0,9125.0,53051.0,17154.0
Virginia Tech,75,Public,1872.0,None,Semester,N/A,(540) 231-6000,62300.0,65.0,NCAA I,65.0,85.0,80.0,87.0,28.4,24.0,14:1,Jan. 15,60.0,67.0,18.5,53.0,26.6,1.9,0.0,0.0,37024.0,30020.0,7004.0,22500.0,12000.0,14174.0,33253.0
American University,79,Private,1893.0,United Methodist,Semester,Suburban,(202) 885-1000,50500.0,73.0,NCAA I,64.0,79.0,75.0,80.0,58.9,1.0,11:1,Jan. 15,75.0,39.0,23.5,59.0,15.38,2.0,0.13,0.0,14001.0,7953.0,6048.0,23999.0,8750.0,51334.0,15150.0
Brigham Young University--Provo,79,Private,1875.0,Latter-day Saints (Mormon Church),Semester,City,(801) 422-1211,57800.0,21.0,NCAA I,64.0,81.0,68.0,77.0,50.2,13.0,21:1,Dec. 15,35.0,69.0,26.11,52.39,20.63,0.87,0.0,0.0,36450.0,33365.0,3085.0,12000.0,6500.0,6120.0,8048.0
Gonzaga University,79,Private,1887.0,Roman Catholic,Semester,City,(800) 986-9585,56000.0,77.0,NCAA I,64.0,87.0,85.0,88.0,37.0,2.0,11:1,Feb. 1,50.0,73.0,12.0,58.0,30.0,1.0,0.0,0.0,7295.0,4852.0,2443.0,25000.0,11000.0,48470.0,13192.0
North Carolina State University,79,Public,1887.0,None,Semester,City,(919) 515-2011,57600.0,59.0,NCAA I,64.0,82.0,81.0,86.0,37.1,18.0,15:1,Jan. 15,85.0,46.0,25.0,63.0,11.0,1.0,0.0,0.0,36042.0,26150.0,9892.0,20500.0,9750.0,9131.0,29916.0
Binghamton University--SUNY,83,Public,1946.0,None,Semester,Suburban,(607) 777-2000,57000.0,72.0,NCAA I,63.0,82.0,79.0,83.0,45.7,15.0,19:1,rolling,50.0,43.0,40.9,51.8,7.23,0.07,0.0,0.0,18148.0,14333.0,3815.0,19500.0,9250.0,10319.0,27909.0
Colorado School of Mines,33,Public,1874.0,None,Semester,Suburban,(303) 273-3000,72400.0,65.0,NCAA II,63.0,81.0,79.0,85.0,31.4,26.0,17:1,May 1,45.0,55.0,36.0,57.0,6.0,0.0,0.0,0.0,6754.0,5216.0,1538.0,25000.0,8875.0,19100.0,39800.0
Elon University,83,Private,1889.0,None,4-1-4,Suburban,(336) 278-2000,50400.0,79.0,NCAA I,63.0,84.0,77.0,83.0,50.5,0.0,13:1,Jan. 10,60.0,72.0,8.49,56.63,37.02,0.86,0.0,0.0,7117.0,6291.0,826.0,21692.0,8750.0,38725.0,13422.0
Howard University,83,Private,1867.0,None,Semester,Urban,(202) 806-6100,52900.0,52.0,NCAA I,63.0,64.0,59.0,69.0,46.6,7.0,12:1,Feb. 15,45.0,39.0,4.2,42.1,53.3,0.4,0.0,0.0,10859.0,7857.0,3002.0,25000.0,12000.0,28916.0,14678.0
Marquette University,83,Private,1881.0,Roman Catholic,Semester,Urban,(414) 288-7250,56600.0,67.0,NCAA I,63.0,83.0,74.0,85.0,47.9,8.0,13:1,Dec. 1,N/A,82.0,10.3,56.9,32.3,0.4,0.0,0.0,11550.0,8024.0,3526.0,24500.0,5500.0,45766.0,14140.0
Michigan State University,83,Public,1855.0,None,Semester,Suburban,(517) 355-1855,54100.0,58.0,NCAA I,63.0,81.0,70.0,85.0,24.1,26.0,16:1,rolling,65.0,76.0,7.7,41.3,44.6,6.4,0.1,0.0,49695.0,38491.0,11204.0,24250.0,9250.0,14460.0,39766.0
Stevens Institute of Technology,83,Private,1870.0,None,Semester,City,(201) 216-5000,71500.0,53.0,NCAA III,63.0,86.0,81.0,89.0,34.8,14.0,12:1,Jan. 15,70.0,53.0,55.0,44.0,1.0,0.0,0.0,0.0,7136.0,3670.0,3466.0,26950.0,11625.0,56920.0,16600.0
Texas Christian University,83,Private,1873.0,Christian Church (Disciples of Christ),Semester,Suburban,(817) 257-7000,53600.0,70.0,NCAA I,63.0,83.0,74.0,83.0,42.7,4.0,13:1,Feb. 1,50.0,48.0,9.5,46.0,39.8,4.5,0.2,0.0,11379.0,9704.0,1675.0,21500.0,6500.0,51660.0,14040.0
University of California--Riverside,83,Public,1954.0,None,Quarter,City,(951) 827-1012,52400.0,62.0,NCAA I,63.0,76.0,77.0,78.0,17.7,34.0,23:1,Nov. 30,70.0,66.0,7.0,36.0,48.0,9.0,0.0,0.0,26434.0,22687.0,3747.0,19000.0,9834.0,13742.0,43496.0
University of Iowa,83,Public,1847.0,None,Semester,City,(319) 335-3500,51500.0,54.0,NCAA I,63.0,73.0,62.0,75.0,52.0,14.0,16:1,May 1,40.0,84.0,9.0,47.0,40.0,4.0,0.0,0.0,30318.0,22304.0,8014.0,22500.0,8652.0,9606.0,31569.0
Stony Brook University--SUNY,93,Public,1957.0,None,Semester,Suburban,(631) 689-6000,56100.0,63.0,NCAA I,62.0,75.0,78.0,76.0,37.6,25.0,19:1,Jan. 15,50.0,49.0,30.9,53.4,15.4,0.3,0.0,0.0,26782.0,18010.0,8772.0,19000.0,8750.0,10410.0,28080.0
University at Buffalo--SUNY,93,Public,1846.0,None,Semester,Suburban,(716) 645-2000,53200.0,59.0,NCAA I,62.0,75.0,71.0,77.0,36.5,20.0,14:1,rolling,50.0,67.0,8.3,49.2,40.7,1.8,0.0,0.0,32347.0,22306.0,10041.0,19150.0,7000.0,10724.0,28194.0
University of California--Merced,93,Public,2005.0,None,Semester,Rural,(209) 228-4400,55100.0,45.0,NAIA,62.0,67.0,68.0,70.0,32.2,28.0,19:1,Nov. 30,70.0,85.0,2.0,13.0,49.0,34.0,2.0,0.0,9018.0,8276.0,742.0,18000.0,5500.0,13565.0,43319.0
University of Delaware,93,Public,1743.0,None,4-1-4,Suburban,(302) 831-2000,57100.0,73.0,NCAA I,62.0,83.0,73.0,86.0,29.3,18.0,12:1,Jan. 15,75.0,63.0,12.0,57.0,31.0,1.0,0.0,0.0,22705.0,18420.0,4285.0,24660.0,8000.0,15020.0,36880.0
University of Denver,93,Private,1864.0,None,Quarter,City,(303) 871-2000,52300.0,67.0,NCAA I,62.0,76.0,73.0,76.0,54.8,6.0,11:1,Jan. 15,65.0,61.0,14.0,57.0,26.0,2.0,0.0,0.0,13856.0,5699.0,8157.0,20833.0,9168.0,54819.0,14674.0
University of San Diego,93,Private,1949.0,Roman Catholic,4-1-4,Urban,(619) 260-4600,56300.0,69.0,NCAA I,62.0,81.0,76.0,81.0,42.4,0.0,12:1,Dec. 15,55.0,59.0,12.0,56.0,30.0,2.0,0.0,0.0,8861.0,5529.0,3332.0,23049.0,8250.0,52864.0,16246.0
Auburn University,99,Public,1856.0,None,Semester,Suburban,(334) 844-4000,52800.0,51.0,NCAA I,61.0,78.0,66.0,80.0,35.3,16.0,20:1,Feb. 3,50.0,85.0,10.94,53.03,35.08,0.83,0.12,0.0,30737.0,24505.0,6232.0,21281.0,8250.0,11796.0,31956.0
University of Colorado Boulder,99,Public,1876.0,None,Semester,City,(303) 492-1411,55100.0,50.0,NCAA I,61.0,70.0,66.0,74.0,50.3,13.0,18:1,Jan. 15,50.0,84.0,15.0,47.0,34.0,5.0,0.0,0.0,36956.0,30300.0,6656.0,19500.0,9500.0,12494.0,38312.0
University of Oregon,99,Public,1876.0,None,Quarter,City,(541) 346-1000,49800.0,58.0,NCAA I,61.0,73.0,64.0,77.0,37.4,21.0,17:1,Jan. 15,65.0,83.0,7.1,40.5,45.2,7.0,0.3,0.0,21752.0,18045.0,3707.0,20500.0,8218.0,13856.0,39308.0
University of Utah,99,Public,1850.0,None,Semester,Urban,(801) 581-7200,54000.0,34.0,NCAA I,61.0,69.0,58.0,71.0,46.3,16.0,17:1,April 1,55.0,79.0,17.0,43.0,36.0,4.0,0.0,0.0,33080.0,24643.0,8437.0,18088.0,9000.0,9816.0,31389.0
Clark University,103,Private,1887.0,None,Semester,City,(508) 793-7711,45600.0,70.0,NCAA III,60.0,79.0,75.0,75.0,59.3,3.0,9:1,Jan. 15,N/A,47.0,11.0,56.0,29.0,3.0,1.0,0.0,3425.0,2241.0,1184.0,26000.0,5500.0,50302.0,10150.0
Creighton University,103,Private,1878.0,Roman Catholic,Semester,Urban,(402) 280-2700,52100.0,71.0,NCAA I,60.0,78.0,66.0,82.0,39.5,5.0,12:1,rolling,N/A,77.0,10.8,52.0,35.9,1.2,0.0,0.0,8770.0,4458.0,4312.0,25000.0,7720.0,44524.0,11670.0
Drexel University,103,Private,1891.0,None,Quarter,Urban,(215) 895-2000,61900.0,N/A,NCAA I,60.0,71.0,65.0,73.0,51.0,9.0,10:1,Jan. 15,50.0,77.0,N/A,N/A,N/A,N/A,N/A,N/A,23586.0,14552.0,9034.0,26146.0,9500.0,57136.0,16488.0
Loyola University Chicago,103,Private,1870.0,Roman Catholic,Semester,City,(773) 274-3000,50900.0,69.0,NCAA I,60.0,75.0,70.0,78.0,32.4,6.0,14:1,rolling,N/A,71.0,20.0,49.0,30.0,1.0,0.0,0.0,16893.0,11612.0,5281.0,24949.0,9250.0,47498.0,15180.0
Miami University--Oxford,103,Public,1809.0,None,Semester,Rural,(513) 529-1809,55300.0,71.0,NCAA I,60.0,81.0,76.0,83.0,34.1,10.0,17:1,Feb. 1,50.0,92.0,17.2,48.8,29.3,4.7,0.0,0.0,18880.0,16522.0,2358.0,23250.0,7750.0,16705.0,37379.0
New Jersey Institute of Technology,103,Public,1881.0,None,Semester,Urban,(973) 596-3000,62800.0,41.0,NCAA I,60.0,67.0,64.0,73.0,34.8,2.0,15:1,March 1,75.0,66.0,21.0,57.0,22.0,0.0,0.0,0.0,11652.0,9084.0,2568.0,21800.0,10750.0,17674.0,33386.0
Saint Louis University,103,Private,1818.0,Roman Catholic,Semester,Urban,(800) 758-3678,51800.0,N/A,NCAA I,60.0,78.0,67.0,82.0,42.4,9.0,9:1,rolling,N/A,56.0,19.8,50.2,27.2,2.8,0.0,0.0,11863.0,7357.0,4506.0,25000.0,10500.0,48824.0,13310.0
Temple University,103,Public,1884.0,None,Semester,Urban,(215) 204-7000,50300.0,55.0,NCAA I,60.0,73.0,69.0,77.0,40.2,8.0,13:1,Feb. 1,55.0,71.0,8.48,37.68,46.86,6.51,0.47,0.0,37289.0,27306.0,9983.0,24437.0,11000.0,20291.0,34801.0
University of Arizona,103,Public,1885.0,None,Semester,City,(520) 621-2211,55600.0,49.0,NCAA I,60.0,64.0,59.0,68.0,35.8,17.0,15:1,May 1,50.0,85.0,15.89,39.82,36.63,7.34,0.32,0.0,46932.0,36503.0,10429.0,20171.0,8250.0,12384.0,34667.0
University of California--Santa Cruz,103,Public,1965.0,None,Quarter,Suburban,(831) 459-0111,54000.0,55.0,NCAA III,60.0,76.0,74.0,77.0,21.3,30.0,25:1,Nov. 30,70.0,65.0,16.0,49.0,33.0,2.0,0.0,0.0,19161.0,17207.0,1954.0,18408.0,10000.0,14066.0,43820.0
University of Illinois--Chicago,103,Public,1965.0,None,Semester,Urban,(312) 996-7000,56300.0,37.0,NCAA I,60.0,60.0,62.0,65.0,29.1,21.0,18:1,Jan. 15,60.0,73.0,5.91,26.16,55.52,12.34,0.07,0.0,33518.0,21921.0,11597.0,17500.0,7500.0,17437.0,31787.0
University of San Francisco,103,Private,1855.0,Roman Catholic,Semester,Urban,(415) 422-5555,56800.0,63.0,NCAA I,60.0,75.0,67.0,73.0,46.1,1.0,12:1,Jan. 15,70.0,70.0,9.7,51.23,37.38,1.69,0.0,0.0,10068.0,5852.0,4216.0,23250.0,8750.0,53472.0,16140.0
University of South Florida,103,Public,1956.0,None,Semester,Urban,(813) 974-2011,48000.0,59.0,NCAA I,60.0,74.0,72.0,75.0,46.0,13.0,22:1,May 1,30.0,49.0,9.0,57.0,34.0,0.0,0.0,0.0,50613.0,38579.0,12034.0,18750.0,10500.0,6410.0,17324.0
"University of Tennessee, Knoxville",103,Public,1794.0,None,Semester,Urban,(865) 974-1000,51400.0,51.0,NCAA I,60.0,72.0,61.0,75.0,38.1,14.0,17:1,rolling,50.0,78.0,8.0,45.0,46.0,1.0,0.0,0.0,30559.0,24254.0,6305.0,20500.0,7574.0,13244.0,31434.0
Arizona State University,117,Public,1885.0,None,Semester,Urban,(855) 278-5080,54400.0,51.0,NCAA I,59.0,69.0,59.0,71.0,41.1,17.0,18:1,rolling,50.0,88.0,11.2,42.2,38.6,7.5,0.5,0.0,74795.0,63124.0,11671.0,20278.0,9148.0,11348.0,29438.0
Rochester Institute of Technology,117,Private,1829.0,None,Semester,Suburban,(585) 475-2411,63000.0,26.0,NCAA III,59.0,71.0,67.0,75.0,48.2,5.0,13:1,rolling,65.0,74.0,N/A,N/A,N/A,N/A,N/A,N/A,16158.0,13412.0,2746.0,27000.0,12000.0,52756.0,14432.0
SUNY College of Environmental Science and Forestry,117,Public,1911.0,None,Semester,City,(315) 470-6500,53600.0,N/A,N/A,59.0,77.0,81.0,76.0,57.7,8.0,14:1,Feb. 1,50.0,60.0,7.0,18.0,35.0,27.0,10.0,3.0,2134.0,1731.0,403.0,19000.0,13501.0,9216.0,19976.0
University of South Carolina,117,Public,1801.0,None,Semester,City,(803) 777-7000,48700.0,65.0,NCAA I,59.0,76.0,68.0,80.0,43.8,13.0,18:1,Dec. 1,65.0,68.0,14.0,49.0,37.0,0.0,0.0,0.0,35468.0,27270.0,8198.0,22500.0,8264.0,12688.0,33928.0
University of Vermont,117,Public,1791.0,None,Semester,Suburban,(802) 656-3131,50900.0,64.0,NCAA I,59.0,76.0,71.0,77.0,45.3,16.0,18:1,Jan. 15,55.0,71.0,14.0,56.0,28.0,2.0,0.0,0.0,13292.0,11136.0,2156.0,21500.0,6500.0,19002.0,43890.0
Chapman University,122,Private,1861.0,Christian Church (Disciples of Christ),4-1-4,Suburban,(714) 997-6815,50500.0,73.0,NCAA III,58.0,80.0,75.0,81.0,45.7,2.0,12:1,Jan. 15,70.0,58.0,15.31,56.12,27.08,1.49,0.0,0.0,9761.0,7404.0,2357.0,20750.0,9500.0,57214.0,16138.0
Illinois Institute of Technology,122,Private,1890.0,None,Semester,Urban,(312) 567-3000,63800.0,38.0,NCAA III,58.0,72.0,70.0,72.0,42.5,10.0,10:1,Aug. 1,N/A,61.0,21.0,55.0,23.0,1.0,0.0,0.0,6326.0,3123.0,3203.0,25000.0,11000.0,50640.0,15570.0
Iowa State University of Science and Technology,122,Public,1858.0,None,Semester,City,(515) 294-4111,55900.0,50.0,NCAA I,58.0,74.0,63.0,78.0,35.1,19.0,18:1,rolling,40.0,88.0,13.0,43.0,37.0,7.0,0.0,0.0,31825.0,26846.0,4979.0,22635.0,7982.0,9316.0,24504.0
University of Kansas,122,Public,1865.0,None,Semester,City,(785) 864-2700,50100.0,46.0,NCAA I,58.0,65.0,46.0,68.0,60.6,10.0,17:1,Aug. 16,40.0,91.0,12.0,38.0,39.0,10.0,1.0,0.0,26744.0,19135.0,7609.0,21375.0,10032.0,11166.0,28034.0
University of Missouri,122,Public,1839.0,None,Semester,City,(573) 882-2121,49900.0,50.0,NCAA I,58.0,70.0,62.0,76.0,41.4,15.0,18:1,rolling,55.0,82.0,N/A,N/A,N/A,N/A,N/A,N/A,31103.0,23396.0,7707.0,21500.0,9500.0,11475.0,30450.0
Clarkson University,127,Private,1896.0,None,Semester,Rural,(315) 268-6400,65800.0,65.0,NCAA III,57.0,76.0,66.0,81.0,58.6,11.0,13:1,Jan. 15,50.0,78.0,16.0,51.0,31.0,2.0,0.0,0.0,4025.0,2905.0,1120.0,26811.0,8750.0,54370.0,17615.0
DePaul University,62,Private,1898.0,Roman Catholic,Quarter,Urban,(312) 362-8000,53600.0,58.0,NCAA I,57.0,72.0,67.0,73.0,36.5,2.0,17:1,Feb. 1,N/A,70.0,6.15,38.46,44.76,10.08,0.55,0.0,21922.0,14145.0,7777.0,24144.0,10500.0,42012.0,15225.0
Gallaudet University,127,Private,1864.0,None,Semester,Urban,(202) 651-5000,41400.0,19.0,NCAA III,57.0,49.0,43.0,45.0,99.0,0.0,6:1,rolling,50.0,63.0,0.0,6.0,34.0,37.0,23.0,0.0,1451.0,1019.0,432.0,18000.0,6250.0,17112.0,14500.0
Rutgers University--Newark,127,Public,1908.0,None,Semester,Urban,(973) 353-1766,56200.0,34.0,NCAA III,57.0,67.0,64.0,66.0,25.2,21.0,15:1,rolling,70.0,74.0,N/A,N/A,N/A,N/A,N/A,N/A,13231.0,9118.0,4113.0,21769.0,9250.0,15208.0,32409.0
Seattle University,127,Private,1891.0,Roman Catholic,Quarter,Urban,(206) 296-6000,59800.0,63.0,NCAA I,57.0,74.0,72.0,73.0,60.3,0.0,11:1,rolling,55.0,83.0,11.0,49.0,33.0,7.0,0.0,0.0,7050.0,4299.0,2751.0,22398.0,7500.0,49335.0,13035.0
Seton Hall University,127,Private,1856.0,Roman Catholic,Semester,Suburban,(973) 761-9000,56500.0,65.0,NCAA I,57.0,71.0,62.0,75.0,45.7,2.0,14:1,rolling,55.0,78.0,8.0,17.0,34.0,32.0,9.0,0.0,9814.0,5913.0,3901.0,23685.0,6561.0,46880.0,15834.0
University of Dayton,127,Private,1850.0,Roman Catholic,Semester,Suburban,(937) 229-1000,56200.0,63.0,NCAA I,57.0,80.0,74.0,82.0,37.5,3.0,15:1,March 1,N/A,81.0,8.0,40.0,44.0,8.0,0.0,0.0,11650.0,8644.0,3006.0,25000.0,8750.0,44890.0,14870.0
University of Kentucky,127,Public,1865.0,None,Semester,City,(859) 257-9000,51300.0,47.0,NCAA I,57.0,66.0,53.0,71.0,39.5,14.0,16:1,Feb. 15,50.0,96.0,7.7,33.5,47.3,11.1,0.4,0.0,29986.0,22227.0,7759.0,23200.0,8250.0,12610.0,31608.0
University of Oklahoma,127,Public,1890.0,None,Semester,City,(405) 325-0311,54100.0,46.0,NCAA I,57.0,69.0,59.0,75.0,47.5,10.0,17:1,Feb. 1,40.0,83.0,11.1,40.9,41.6,6.0,0.4,0.0,27772.0,21383.0,6389.0,21000.0,10250.0,9312.0,25116.0
The Catholic University of America,136,Private,1887.0,Roman Catholic,Semester,Urban,(202) 319-5000,53000.0,68.0,NCAA III,56.0,74.0,68.0,75.0,64.0,5.0,11:1,Jan. 15,N/A,82.0,N/A,N/A,N/A,N/A,N/A,N/A,5366.0,3055.0,2311.0,26036.0,8750.0,52156.0,16020.0
Drake University,136,Private,1881.0,None,Semester,City,(515) 271-3751,49600.0,63.0,NCAA I,56.0,78.0,68.0,79.0,48.0,6.0,10:1,rolling,N/A,68.0,13.0,45.0,35.0,7.0,0.0,0.0,4774.0,2848.0,1926.0,23375.0,10500.0,45962.0,11288.0
The New School,136,Private,1919.0,None,Semester,Urban,(212) 229-5600,47900.0,55.0,N/A,56.0,69.0,62.0,71.0,78.2,1.0,9:1,Aug. 1,50.0,68.0,12.0,58.0,23.0,7.0,0.0,0.0,9216.0,6430.0,2786.0,23500.0,8374.0,52979.0,17800.0
Samford University,136,Private,1841.0,Baptist,4-1-4,Suburban,(205) 726-2011,45900.0,66.0,NCAA I,56.0,76.0,70.0,79.0,50.6,4.0,14:1,May 1,40.0,84.0,3.0,30.0,59.0,8.0,0.0,0.0,5729.0,3576.0,2153.0,20000.0,8250.0,35360.0,11260.0
Simmons University,136,Private,1899.0,None,Semester,Urban,(617) 521-2000,53100.0,76.0,NCAA III,56.0,78.0,74.0,81.0,56.4,0.0,9:1,Feb. 1,55.0,83.0,2.0,36.0,54.0,7.0,0.0,0.0,6364.0,1744.0,4620.0,25000.0,15000.0,43112.0,15892.0
University of La Verne,136,Private,1891.0,None,4-1-4,Suburban,(909) 593-3511,48200.0,53.0,NCAA III,56.0,69.0,65.0,67.0,61.3,0.0,13:1,rolling,50.0,76.0,1.0,13.0,44.0,40.0,2.0,0.0,4484.0,2484.0,2000.0,25000.0,15029.0,45850.0,14740.0
University of Nebraska -- Lincoln,136,Public,1869.0,None,Semester,City,(402) 472-7211,49900.0,42.0,NCAA I,56.0,67.0,57.0,70.0,35.4,18.0,16:1,May 1,45.0,78.0,13.0,46.0,33.0,8.0,0.0,0.0,25108.0,20286.0,4822.0,21250.0,6500.0,9872.0,27002.0
University of New Hampshire,136,Public,1866.0,None,Semester,Suburban,(603) 862-1234,52800.0,69.0,NCAA I,56.0,77.0,70.0,78.0,37.2,16.0,16:1,Feb. 1,50.0,85.0,6.0,40.8,47.9,5.3,0,0.1,14343.0,11747.0,2596.0,27000.0,8240.0,18962.0,37202.0
University of St. Thomas (MN),67,Private,1885.0,Roman Catholic,4-1-4,Urban,(651) 962-5000,53600.0,70.0,NCAA III,56.0,78.0,76.0,81.0,34.4,1.0,14:1,rolling,N/A,89.0,16.7,50.0,33.3,0.0,0.0,0.0,9792.0,6333.0,3459.0,24000.0,12000.0,48609.0,11812.0
University of Texas at Dallas,136,Public,1969.0,None,Semester,Suburban,(972) 883-2111,56900.0,54.0,NCAA III,56.0,71.0,69.0,73.0,22.8,28.0,23:1,May 1,50.0,79.0,34.0,50.0,15.0,1.0,0.0,0.0,28669.0,21187.0,7482.0,18613.0,7399.0,14564.0,39776.0
University of the Pacific,136,Private,1851.0,None,Semester,City,(209) 946-2285,55600.0,45.0,NCAA I,56.0,67.0,65.0,66.0,44.4,7.0,14:1,Jan. 15,N/A,71.0,17.55,33.7,41.22,7.52,0.0,0.0,6263.0,3524.0,2739.0,20500.0,9500.0,52352.0,14070.0
University of Tulsa,136,Private,1894.0,Presbyterian Church (USA),Semester,City,(918) 631-2000,62400.0,56.0,NCAA I,56.0,72.0,61.0,75.0,56.3,3.0,10:1,rolling,50.0,69.0,12.57,36.13,42.93,8.38,0.0,0.0,3960.0,2929.0,1031.0,25000.0,8448.0,44838.0,12422.0
Colorado State University,148,Public,1870.0,None,Semester,City,(970) 491-1101,52500.0,47.0,NCAA I,55.0,70.0,60.0,73.0,31.4,24.0,17:1,July 1,50.0,84.0,6.0,36.2,48.8,8.6,0.4,0.0,32646.0,25186.0,7460.0,20500.0,8250.0,12260.0,31540.0
CUNY--City College,148,Public,1847.0,None,Semester,Urban,(212) 650-7000,56300.0,24.0,NCAA III,55.0,55.0,59.0,61.0,29.7,10.0,15:1,rolling,65.0,51.0,7.6,23.5,54.2,14.7,0.0,0.0,15227.0,12587.0,2640.0,11500.0,7287.0,7340.0,19010.0
Duquesne University,148,Private,1878.0,Roman Catholic,Semester,Urban,(412) 396-6000,52200.0,69.0,NCAA I,55.0,79.0,73.0,78.0,40.2,7.0,13:1,Aug. 15,N/A,77.0,4.01,40.73,54.26,1.0,0.0,0.0,8830.0,5383.0,3447.0,27000.0,7500.0,43526.0,14144.0
George Mason University,148,Public,1972.0,None,Semester,Suburban,(703) 993-1000,56600.0,48.0,NCAA I,55.0,71.0,72.0,72.0,33.5,14.0,17:1,Jan. 15,70.0,89.0,8.01,40.88,47.58,3.49,0.04,0.0,38542.0,27105.0,11437.0,20000.0,8750.0,13119.0,36579.0
Michigan Technological University,148,Public,1885.0,None,Semester,Rural,(906) 487-1885,67000.0,30.0,NCAA II,55.0,69.0,66.0,74.0,50.1,13.0,13:1,rolling,N/A,70.0,11.0,56.0,31.0,2.0,0.0,0.0,6875.0,5642.0,1233.0,25682.0,8750.0,16966.0,38112.0
Quinnipiac University,148,Private,1929.0,Undenominational,Semester,Suburban,(203) 582-8200,55500.0,73.0,NCAA I,55.0,74.0,71.0,78.0,45.0,2.0,15:1,Feb. 1,65.0,82.0,2.85,39.25,48.95,8.7,0.25,0.0,9744.0,6841.0,2903.0,26000.0,9137.0,51270.0,16160.0
Rutgers University--Camden,148,Public,1926.0,None,Semester,Urban,(856) 225-1766,50900.0,38.0,NCAA III,55.0,62.0,57.0,72.0,36.2,11.0,15:1,rolling,70.0,76.0,N/A,N/A,N/A,N/A,N/A,N/A,7076.0,5502.0,1574.0,21769.0,9250.0,15657.0,32299.0
San Diego State University,148,Public,1897.0,None,Semester,Urban,(619) 594-5200,52900.0,48.0,NCAA I,55.0,75.0,74.0,79.0,25.6,25.0,25:1,Nov. 30,70.0,37.0,6.4,44.5,41.9,6.8,0.4,0.0,35578.0,31086.0,4492.0,15497.0,8221.0,8136.0,20016.0
Thomas Jefferson University,148,Private,1824.0,None,Semester,Urban,(215) 955-6000,73000.0,56.0,NCAA II,55.0,68.0,64.0,72.0,63.0,0.0,13:1,July 31,40.0,70.0,6.0,35.0,55.0,4.0,0.0,0.0,8286.0,3783.0,4503.0,20563.0,12500.0,41715.0,13881.0
University of Alabama,148,Public,1831.0,None,Semester,Suburban,(205) 348-6010,50700.0,52.0,NCAA I,55.0,71.0,56.0,76.0,36.2,22.0,20:1,rolling,40.0,80.0,17.0,25.0,52.0,6.0,0.0,0.0,37840.0,31670.0,6170.0,23250.0,9500.0,11620.0,31090.0
University of Alabama at Birmingham,148,Public,1969.0,None,Semester,Urban,(205) 934-4011,48100.0,38.0,NCAA I,55.0,59.0,52.0,67.0,43.9,16.0,20:1,rolling,40.0,67.0,12.58,39.4,40.73,7.28,0.0,0.0,22563.0,13878.0,8685.0,22500.0,9500.0,10710.0,25380.0
University of Central Florida,148,Public,1963.0,None,Semester,Suburban,(407) 823-2000,48100.0,46.0,NCAA I,55.0,72.0,72.0,75.0,28.5,25.0,31:1,May 1,30.0,45.0,10.1,59.0,30.2,0.7,0.0,0.0,71948.0,61456.0,10492.0,18750.0,12750.0,6368.0,22467.0
University of Cincinnati,148,Public,1819.0,None,Semester,Urban,(513) 556-6000,53300.0,37.0,NCAA I,55.0,70.0,61.0,75.0,39.2,20.0,19:1,March 1,50.0,76.0,11.95,43.53,40.68,3.84,0.0,0.0,39555.0,28657.0,10898.0,22000.0,8241.0,12138.0,27472.0
University of Mississippi,148,Public,1848.0,None,Semester,Rural,(662) 915-7211,47700.0,48.0,NCAA I,55.0,64.0,52.0,71.0,57.1,11.0,16:1,rolling,40.0,88.0,6.63,23.74,49.2,19.23,1.19,0.0,21014.0,16179.0,4835.0,19500.0,12636.0,9034.0,25876.0
Belmont University,162,Private,1890.0,Interdenominational,Semester,Urban,(615) 460-6000,44600.0,59.0,NCAA I,54.0,72.0,63.0,72.0,52.7,0.0,14:1,Aug. 1,50.0,83.0,7.6,45.76,45.47,1.17,0.0,0.0,8199.0,6626.0,1573.0,21332.0,6500.0,38430.0,13240.0
Florida International University,162,Public,1972.0,None,Semester,Urban,(305) 348-2000,47000.0,38.0,NCAA I,54.0,61.0,68.0,65.0,34.6,16.0,23:1,N/A,30.0,58.0,4.0,40.0,54.0,2.0,0.0,0.0,58899.0,48664.0,10235.0,17500.0,11250.0,6566.0,18964.0
Hofstra University,162,Private,1935.0,None,Semester,Suburban,(516) 463-6600,53200.0,55.0,NCAA I,54.0,64.0,54.0,68.0,44.1,2.0,13:1,rolling,70.0,69.0,10.0,54.0,35.0,1.0,0.0,0.0,10444.0,6120.0,4324.0,23644.0,8188.0,51360.0,17427.0
Kansas State University,162,Public,1863.0,None,Semester,City,(785) 532-6011,53200.0,N/A,NCAA I,54.0,N/A,55.0,71.0,N/A,N/A,18:1,rolling,40.0,N/A,N/A,N/A,N/A,N/A,N/A,N/A,20854.0,16257.0,4597.0,22093.0,9500.0,10466.0,26342.0
Mercer University,162,Private,1833.0,None,Semester,City,(478) 301-2700,51300.0,62.0,NCAA I,54.0,67.0,71.0,74.0,53.9,6.0,14:1,July 1,50.0,78.0,14.1,54.8,30.2,0.9,0.0,0.0,9006.0,4911.0,4095.0,25000.0,10857.0,38746.0,13438.0
Oregon State University,162,Public,1868.0,None,Quarter,City,(541) 737-1000,55200.0,41.0,NCAA I,54.0,67.0,59.0,73.0,32.9,22.0,18:1,Sept. 1,65.0,84.0,N/A,N/A,N/A,N/A,N/A,N/A,32312.0,26644.0,5668.0,22286.0,10134.0,12188.0,32288.0
University of Arkansas,162,Public,1871.0,None,Semester,City,(479) 575-2000,51600.0,50.0,NCAA I,54.0,66.0,54.0,72.0,46.8,17.0,19:1,Aug. 1,40.0,78.0,6.41,37.84,52.5,3.16,0.09,0.0,27562.0,22825.0,4737.0,21500.0,7500.0,9574.0,26390.0
University of Hawaii at Manoa,162,Public,1907.0,None,Semester,Urban,(808) 956-8111,49500.0,35.0,NCAA I,54.0,61.0,58.0,63.0,46.9,12.0,10:1,March 1,70.0,62.0,N/A,N/A,N/A,N/A,N/A,N/A,18025.0,13203.0,4822.0,19084.0,8250.0,12186.0,34218.0
University of Maryland--Baltimore County,162,Public,1966.0,None,4-1-4,Suburban,(410) 455-1000,58600.0,44.0,NCAA I,54.0,68.0,65.0,72.0,36.3,14.0,17:1,Feb. 1,75.0,69.0,N/A,N/A,N/A,N/A,N/A,N/A,13497.0,10932.0,2565.0,19875.0,10225.0,12280.0,28470.0
University of Rhode Island,162,Public,1892.0,None,Semester,Rural,(401) 874-1000,54700.0,53.0,NCAA I,54.0,68.0,62.0,72.0,42.0,10.0,17:1,Feb. 1,65.0,76.0,3.21,36.92,56.37,3.47,0.04,0.0,16820.0,14073.0,2747.0,22602.0,8250.0,15332.0,33354.0
Adelphi University,172,Private,1896.0,None,Semester,Suburban,(800) 233-5744,51700.0,62.0,NCAA II,53.0,71.0,67.0,75.0,47.2,1.0,12:1,rolling,40.0,75.0,7.0,30.0,54.0,9.0,0.0,0.0,7584.0,5124.0,2460.0,25000.0,8250.0,42475.0,16740.0
Chatham University,172,Private,1869.0,None,Semester,Urban,(412) 365-1100,42400.0,55.0,NCAA III,53.0,65.0,58.0,65.0,68.9,0.0,10:1,Aug. 1,35.0,66.0,4.0,34.0,52.0,10.0,0.0,0.0,2353.0,1358.0,995.0,21500.0,7215.0,40877.0,13305.0
Louisiana State University--Baton Rouge,172,Public,1860.0,None,Semester,Urban,(225) 578-3202,53600.0,43.0,NCAA I,53.0,66.0,57.0,73.0,36.8,22.0,22:1,April 15,50.0,73.0,7.45,37.54,50.94,4.07,0.0,0.0,34285.0,27825.0,6460.0,20500.0,8166.0,11328.0,28005.0
St. John's University (NY),172,Private,1870.0,Roman Catholic,Semester,Urban,(718) 990-6161,52000.0,47.0,NCAA I,53.0,62.0,61.0,67.0,37.3,2.0,16:1,rolling,N/A,75.0,8.0,39.0,47.0,6.0,0.0,0.0,20143.0,15693.0,4450.0,25417.0,9500.0,46050.0,18250.0
University at Albany--SUNY,172,Public,1844.0,None,Semester,Suburban,(518) 442-3300,49900.0,58.0,NCAA I,53.0,64.0,64.0,65.0,27.6,19.0,19:1,March 1,50.0,57.0,4.0,34.0,59.1,2.9,0.0,0.0,17688.0,13182.0,4506.0,19873.0,8750.0,10310.0,28150.0
Valparaiso University,172,Private,1859.0,None,Semester,City,(219) 464-5000,53000.0,56.0,NCAA I,53.0,70.0,55.0,70.0,62.4,6.0,11:1,rolling,N/A,87.0,4.0,42.0,46.0,8.0,0.0,0.0,3122.0,2723.0,399.0,27000.0,8250.0,44796.0,12872.0
Virginia Commonwealth University,172,Public,1838.0,None,Semester,Urban,(804) 828-0100,48200.0,44.0,NCAA I,53.0,66.0,62.0,68.0,42.4,15.0,18:1,N/A,70.0,91.0,5.99,30.71,52.97,10.21,0.12,0.0,29070.0,21943.0,7127.0,22500.0,9250.0,15028.0,35676.0
Missouri University of Science and Technology,179,Public,1870.0,None,Semester,Rural,(573) 341-4111,69200.0,24.0,NCAA II,52.0,65.0,55.0,70.0,47.1,10.0,18:1,July 1,N/A,81.0,20.0,64.0,16.0,0.0,0.0,0.0,7645.0,6086.0,1559.0,24250.0,8500.0,11234.0,31286.0
Montclair State University,179,Public,1908.0,None,Semester,Suburban,(973) 655-4000,49100.0,45.0,NCAA III,52.0,68.0,65.0,70.0,26.4,3.0,18:1,March 1,65.0,83.0,0.5,15.1,58.3,24.1,2.1,0.0,21005.0,16374.0,4631.0,23250.0,8750.0,13298.0,21417.0
Ohio University,179,Public,1804.0,None,Semester,N/A,(740) 593-1000,50000.0,48.0,NCAA I,52.0,65.0,55.0,70.0,32.6,11.0,16:1,Feb. 1,50.0,87.0,N/A,N/A,N/A,N/A,N/A,N/A,25343.0,18913.0,6430.0,20834.0,7328.0,12660.0,22810.0
Rowan University,179,Public,1923.0,None,Semester,Suburban,(856) 256-4400,50200.0,48.0,NCAA III,52.0,71.0,57.0,72.0,45.3,0.0,17:1,July 15,65.0,79.0,4.93,29.01,51.84,13.94,0.28,0.0,19678.0,15963.0,3715.0,21336.0,9500.0,14377.0,23409.0
University of Houston,179,Public,1927.0,None,Semester,Urban,(713) 743-1000,56000.0,36.0,NCAA I,52.0,59.0,61.0,63.0,24.4,27.0,23:1,May 31,75.0,63.0,7.78,46.01,42.87,3.25,0.09,0.0,47090.0,39165.0,7925.0,18750.0,8244.0,11870.0,27110.0
University of Idaho,28,Public,1889.0,None,Semester,Rural,(208) 885-6111,51800.0,37.0,NCAA I,52.0,57.0,54.0,63.0,64.6,7.0,16:1,rolling,60.0,74.0,3.0,24.0,47.0,23.0,2.0,0.0,10791.0,8366.0,2425.0,22550.0,9750.0,8340.0,27576.0
University of Massachusetts--Lowell,179,Public,1894.0,None,Semester,City,(978) 934-4000,58400.0,44.0,NCAA I,52.0,65.0,67.0,70.0,30.6,11.0,19:1,Feb. 1,60.0,75.0,9.0,50.0,41.0,0.0,0.0,0.0,18369.0,13815.0,4554.0,25000.0,8764.0,15698.0,33624.0
Washington State University,179,Public,1890.0,None,Semester,Rural,(509) 335-3564,55300.0,37.0,NCAA I,52.0,60.0,51.0,62.0,34.2,19.0,16:1,rolling,50.0,80.0,3.2,25.8,52.4,17.6,1.0,0.0,31159.0,25470.0,5689.0,20000.0,9213.0,12417.0,27733.0
Oklahoma State University,187,Public,1890.0,None,Semester,City,(405) 744-5000,52000.0,44.0,NCAA I,51.0,63.0,51.0,69.0,36.6,20.0,18:1,rolling,40.0,67.0,5.0,30.0,47.0,16.0,2.0,0.0,24405.0,20307.0,4098.0,20500.0,8390.0,9019.0,24539.0
Pacific University,187,Private,1849.0,None,Semester,Suburban,(503) 352-6151,48400.0,58.0,NCAA III,51.0,66.0,57.0,67.0,57.2,3.0,10:1,Aug. 15,40.0,89.0,0.88,14.1,51.98,29.96,3.08,0.0,3808.0,1758.0,2050.0,25000.0,5500.0,50070.0,13892.0
Robert Morris University,187,Private,1921.0,None,Semester,Suburban,(412) 397-3000,49600.0,55.0,NCAA I,51.0,65.0,59.0,73.0,57.8,0.0,14:1,rolling,30.0,86.0,2.0,22.0,61.0,15.0,0.0,0.0,4134.0,3312.0,822.0,27000.0,9500.0,32770.0,12320.0
St. John Fisher College,187,Private,1948.0,Roman Catholic,Semester,Suburban,(585) 385-8000,45500.0,65.0,NCAA III,51.0,73.0,69.0,73.0,28.5,3.0,12:1,rolling,N/A,68.0,2.0,35.0,54.0,9.0,0.0,0.0,3610.0,2692.0,918.0,23250.0,8120.0,36352.0,13020.0
Union University,187,Private,1823.0,Southern Baptist,Semester,City,(731) 668-1818,46100.0,57.0,NCAA II,51.0,69.0,56.0,70.0,75.7,0.0,9:1,rolling,35.0,58.0,11.0,43.0,33.0,13.0,0.0,0.0,3071.0,2096.0,975.0,23251.0,12000.0,35660.0,10360.0
University of Detroit Mercy,187,Private,1877.0,Roman Catholic,Semester,Urban,(313) 993-1000,53700.0,59.0,NCAA I,51.0,67.0,62.0,78.0,53.1,2.0,11:1,March 1,N/A,79.0,11.0,5.0,29.0,55.0,0.0,0.0,4987.0,2633.0,2354.0,24250.0,9500.0,30154.0,10240.0
University of Louisville,187,Public,1798.0,Undenominational,Semester,Urban,(502) 852-5555,48800.0,37.0,NCAA I,51.0,58.0,50.0,65.0,42.2,9.0,14:1,Aug. 1,25.0,66.0,8.0,32.0,49.0,11.0,0.0,0.0,22211.0,15927.0,6284.0,20500.0,7500.0,12370.0,28508.0
University of North Carolina--Wilmington,187,Public,1947.0,None,Semester,Urban,(910) 962-3000,44300.0,57.0,NCAA I,51.0,73.0,66.0,76.0,46.1,7.0,17:1,Feb. 1,80.0,68.0,3.0,63.6,33.4,0.0,0.0,0.0,17915.0,14650.0,3265.0,20175.0,8250.0,7238.0,21303.0
University of Saint Joseph,187,Private,1932.0,Roman Catholic,Semester,Suburban,(860) 232-4571,52300.0,46.0,NCAA III,51.0,61.0,49.0,63.0,71.4,0.0,7:1,rolling,N/A,78.0,0.0,17.0,56.0,25.0,2.0,0.0,2305.0,898.0,1407.0,27000.0,12500.0,42934.0,12732.0
Biola University,196,Private,1908.0,Multiple Protestant Denomination,Semester,Suburban,(562) 903-6000,47900.0,56.0,NCAA II,50.0,73.0,65.0,74.0,58.6,4.0,14:1,rolling,45.0,64.0,9.0,35.0,43.0,13.0,0.0,0.0,5816.0,3682.0,2134.0,24844.0,9500.0,44382.0,11712.0
Indiana University-Purdue University--Indianapolis,196,Public,1969.0,None,Semester,Urban,(317) 274-5555,50200.0,33.0,NCAA I,50.0,49.0,46.0,57.0,46.3,10.0,16:1,May 15,65.0,79.0,1.9,20.2,55.0,22.2,0.7,0.0,29390.0,20966.0,8424.0,21458.0,7983.0,10044.0,32101.0
Mississippi State University,196,Public,1878.0,None,Semester,Rural,(662) 325-2323,50700.0,40.0,NCAA I,50.0,60.0,47.0,72.0,49.6,13.0,16:1,rolling,40.0,80.0,7.3,33.2,48.3,10.2,0.98,0.0,22986.0,18803.0,4183.0,22865.0,8400.0,9220.0,24900.0
Towson University,196,Public,1866.0,None,Semester,Suburban,(410) 704-2000,49200.0,48.0,NCAA I,50.0,72.0,73.0,73.0,29.8,3.0,16:1,Jan. 15,45.0,79.0,2.0,23.0,67.0,8.0,0.0,0.0,21917.0,18730.0,3187.0,18929.0,10216.0,9354.0,22532.0
University of New Mexico,196,Public,1889.0,None,Semester,Urban,(505) 277-0111,46200.0,34.0,NCAA I,50.0,51.0,49.0,56.0,49.3,10.0,11:1,rolling,25.0,54.0,2.59,19.41,40.89,29.67,6.97,0.48,22244.0,16124.0,6120.0,18750.0,9983.0,8863.0,24924.0
University of Wyoming,196,Public,1886.0,None,Semester,Suburban,(307) 766-1121,53400.0,33.0,NCAA I,50.0,59.0,52.0,61.0,45.8,11.0,14:1,Aug. 10,40.0,94.0,4.5,30.9,50.8,13.6,0.2,0.0,11829.0,9342.0,2487.0,18356.0,7577.0,6097.0,20647.0
Ball State University,202,Public,1918.0,None,Semester,Suburban,(765) 289-1241,44300.0,54.0,NCAA I,49.0,64.0,58.0,71.0,37.6,7.0,14:1,Aug. 10,60.0,69.0,1.75,24.03,59.1,3.13,0.69,0.0,21597.0,15780.0,5817.0,23500.0,7500.0,10248.0,27406.0
Bellarmine University,202,Private,1950.0,Roman Catholic,Semester,Urban,(502) 272-8000,48100.0,55.0,NCAA I,49.0,66.0,50.0,71.0,59.1,2.0,13:1,Aug. 15,25.0,82.0,6.0,36.0,38.0,20.0,0.0,0.0,3293.0,2484.0,809.0,25000.0,5768.0,44520.0,9030.0
Bethel University (MN),202,Private,1871.0,Baptist,4-1-4,Suburban,(651) 638-6400,49700.0,64.0,NCAA III,49.0,74.0,67.0,77.0,59.6,1.0,12:1,rolling,N/A,87.0,15.22,32.61,36.96,15.22,0.0,0.0,4149.0,2710.0,1439.0,21500.0,10167.0,40080.0,11150.0
Florida A&M University,202,Public,1887.0,None,Semester,City,(850) 599-3000,48300.0,21.0,NCAA I,49.0,52.0,55.0,59.0,40.4,7.0,14:1,May 1,35.0,33.0,0.56,12.04,78.93,7.69,0.78,0.0,9184.0,7402.0,1782.0,25000.0,12250.0,5785.0,17725.0
Florida Institute of Technology,202,Private,1958.0,None,Semester,Suburban,(321) 674-8000,59700.0,43.0,NCAA II,49.0,60.0,55.0,62.0,56.7,6.0,15:1,rolling,N/A,70.0,9.7,50.0,39.5,0.8,0.0,0.0,6795.0,3475.0,3320.0,26895.0,9500.0,43246.0,13396.0
Hampton University,202,Private,1868.0,None,Semester,Urban,(757) 727-5000,52600.0,41.0,NCAA I,49.0,59.0,54.0,64.0,57.7,5.0,15:1,March 1,50.0,36.0,1.0,15.0,48.0,36.0,0.0,0.0,3516.0,3063.0,453.0,26000.0,9500.0,29287.0,12986.0
Illinois State University,202,Public,1857.0,None,Semester,Urban,(309) 438-2181,49200.0,50.0,NCAA I,49.0,69.0,56.0,73.0,38.3,10.0,19:1,April 1,50.0,81.0,2.94,24.94,57.08,14.92,0.11,0.0,20720.0,17987.0,2733.0,19500.0,7500.0,14757.0,26281.0
Loyola University New Orleans,202,Private,1912.0,Roman Catholic,Semester,Urban,(504) 865-2011,44600.0,50.0,NAIA,49.0,60.0,52.0,63.0,37.9,2.0,13:1,rolling,N/A,72.0,3.0,29.0,56.0,12.0,0.0,0.0,4496.0,3219.0,1277.0,26000.0,8750.0,43498.0,13992.0
Maryville University of St. Louis,202,Private,1872.0,None,Semester,Suburban,(800) 627-9855,46400.0,56.0,NCAA II,49.0,73.0,85.0,71.0,66.2,1.0,13:1,Aug. 28,N/A,95.0,2.0,30.0,52.0,16.0,0.0,0.0,10979.0,5504.0,5475.0,23250.0,8750.0,27166.0,12000.0
Misericordia University,202,Private,1924.0,Roman Catholic,Semester,Suburban,(866) 262-6363,45300.0,67.0,NCAA III,49.0,72.0,72.0,75.0,55.0,0.0,10:1,rolling,35.0,83.0,N/A,N/A,N/A,N/A,N/A,N/A,2398.0,1845.0,553.0,27000.0,8750.0,35940.0,14520.0
Sacred Heart University,202,Private,1963.0,Roman Catholic,Semester,Suburban,(203) 371-7999,54100.0,67.0,NCAA I,49.0,72.0,65.0,74.0,35.9,3.0,14:1,July 28,50.0,66.0,3.0,49.0,48.0,0.0,0.0,0.0,9313.0,6417.0,2896.0,25250.0,8740.0,45230.0,16868.0
California State University--Fresno,213,Public,1911.0,None,Semester,Urban,(559) 278-4240,48800.0,19.0,NCAA I,48.0,56.0,55.0,64.0,14.4,9.0,24:1,Nov. 30,70.0,90.0,1.1,9.2,40.9,42.7,6.0,0.0,25341.0,22611.0,2730.0,14974.0,8326.0,6651.0,12789.0
East Carolina University,213,Public,1907.0,None,Semester,City,(252) 328-6131,47200.0,42.0,NCAA I,48.0,65.0,63.0,68.0,32.6,14.0,19:1,March 1,75.0,88.0,0.75,15.42,64.6,19.08,0.15,0.0,28798.0,23056.0,5742.0,24409.0,8750.0,7316.0,23593.0
George Fox University,213,Private,1891.0,Friends,Semester,Suburban,(503) 538-8383,50700.0,54.0,NCAA III,48.0,69.0,66.0,69.0,48.3,3.0,16:1,rolling,N/A,91.0,3.0,32.0,49.0,15.0,1.0,0.0,4108.0,2481.0,1627.0,24500.0,8250.0,38520.0,12700.0
Kent State University,213,Public,1910.0,None,Semester,Suburban,(330) 672-3000,44200.0,45.0,NCAA I,48.0,60.0,53.0,69.0,51.5,8.0,20:1,May 1,50.0,84.0,1.62,23.23,59.57,15.06,0.51,0.0,27019.0,21621.0,5398.0,25000.0,8750.0,11924.0,20800.0
Lipscomb University,213,Private,1891.0,Churches of Christ,Semester,Suburban,(615) 966-1000,48200.0,59.0,NCAA I,48.0,65.0,54.0,72.0,58.2,7.0,14:1,rolling,50.0,62.0,6.79,38.89,46.91,7.41,0.0,0.0,4884.0,2997.0,1887.0,21250.0,9070.0,35752.0,13976.0
Nova Southeastern University,213,Private,1964.0,None,Trimester,Suburban,(800) 541-6682,50800.0,54.0,NCAA II,48.0,55.0,63.0,62.0,62.7,5.0,17:1,Feb. 1,50.0,76.0,N/A,N/A,N/A,N/A,N/A,N/A,20888.0,6314.0,14574.0,23750.0,8750.0,34570.0,14134.0
Pace University,213,Private,1906.0,None,Semester,Urban,(866) 722-3338,56100.0,46.0,NCAA II,48.0,56.0,52.0,62.0,52.1,3.0,14:1,Feb. 15,50.0,83.0,3.0,32.0,59.0,6.0,0.0,0.0,12835.0,7994.0,4841.0,25000.0,10750.0,48830.0,17466.0
Texas Tech University,213,Public,1923.0,None,Semester,City,(806) 742-2011,56400.0,37.0,NCAA I,48.0,61.0,57.0,65.0,26.8,28.0,19:1,Aug. 1,75.0,70.0,3.7,31.3,62.0,3.0,0.0,0.0,40322.0,33269.0,7053.0,21756.0,9500.0,11852.0,24092.0
Touro University,213,Private,1971.0,None,Semester,Urban,(646) 565-6000,54400.0,51.0,N/A,48.0,55.0,47.0,73.0,86.5,0.0,11:1,N/A,50.0,76.0,16.74,48.15,23.57,11.54,0.0,0.0,11699.0,5520.0,6179.0,15000.0,9063.0,20750.0,11550.0
University of Hartford,213,Private,1877.0,None,Semester,Suburban,(860) 768-4100,52800.0,46.0,NCAA I,48.0,60.0,49.0,68.0,71.5,0.0,8:1,rolling,35.0,77.0,N/A,N/A,N/A,N/A,N/A,N/A,6493.0,4521.0,1972.0,27000.0,6500.0,44885.0,13353.0
University of Maine,213,Public,1865.0,None,Semester,Rural,(207) 581-1865,52300.0,40.0,NCAA I,48.0,58.0,48.0,61.0,41.0,16.0,16:1,rolling,N/A,92.0,5.4,30.0,51.3,13.1,0.2,0.0,11741.0,9465.0,2276.0,25500.0,9250.0,11986.0,33586.0
Western New England University,213,Private,1919.0,None,Semester,Suburban,(413) 782-3111,58000.0,58.0,NCAA III,48.0,62.0,58.0,67.0,57.5,0.0,12:1,rolling,40.0,89.0,3.3,38.2,52.2,6.3,0.0,0.0,3702.0,2552.0,1150.0,26968.0,8250.0,40380.0,14430.0
Widener University,213,Private,1821.0,None,Semester,Suburban,(610) 499-4000,54900.0,53.0,NCAA III,48.0,63.0,56.0,69.0,63.6,2.0,13:1,rolling,N/A,75.0,1.0,25.0,61.0,13.0,0.0,0.0,6150.0,2912.0,3238.0,27000.0,9250.0,49706.0,14808.0
Wilkes University,213,Private,1933.0,None,Semester,City,(570) 408-5000,52800.0,53.0,NCAA III,48.0,62.0,57.0,69.0,66.1,4.0,13:1,rolling,40.0,92.0,2.12,30.82,56.94,8.94,1.18,0.0,4781.0,2243.0,2538.0,26000.0,6500.0,39914.0,15698.0
Gannon University,227,Private,1925.0,Roman Catholic,Semester,City,(814) 871-7000,51900.0,54.0,NCAA II,47.0,68.0,60.0,72.0,55.2,1.0,13:1,rolling,25.0,79.0,3.6,24.81,47.16,21.59,2.84,0.0,4251.0,3208.0,1043.0,27000.0,11000.0,34526.0,14600.0
Immaculata University,227,Private,1920.0,Roman Catholic,Semester,Suburban,(610) 647-4400,50100.0,55.0,NCAA III,47.0,67.0,67.0,71.0,76.9,0.0,10:1,rolling,N/A,83.0,3.0,14.0,60.0,23.0,1.0,0.0,2585.0,1614.0,971.0,27000.0,10587.0,27750.0,12620.0
New Mexico State University,227,Public,1888.0,None,Semester,City,(575) 646-0111,50500.0,26.0,NCAA I,47.0,48.0,45.0,56.0,62.1,8.0,16:1,rolling,25.0,63.0,1.0,14.0,50.0,32.0,3.0,0.0,14227.0,11575.0,2652.0,19123.0,6500.0,8044.0,25666.0
Regis University,227,Private,1877.0,Roman Catholic,Semester,Suburban,(800) 388-2366,57000.0,55.0,NCAA II,47.0,67.0,57.0,70.0,58.5,0.0,11:1,Aug. 1,N/A,78.0,3.0,22.0,55.0,20.0,1.0,0.0,6310.0,3197.0,3113.0,24968.0,16000.0,39610.0,12962.0
Russell Sage College,227,Private,1916.0,None,Semester,City,(518) 244-2000,45000.0,53.0,NCAA III,47.0,63.0,57.0,68.0,51.4,0.0,11:1,rolling,N/A,74.0,0.0,18.0,41.0,35.0,6.0,0.0,2389.0,1287.0,1102.0,23000.0,6500.0,33894.0,13302.0
Seattle Pacific University,227,Private,1891.0,Free Methodist,Quarter,Urban,(206) 281-2000,49400.0,50.0,NCAA II,47.0,68.0,50.0,72.0,59.2,2.0,13:1,Feb. 1,50.0,91.0,N/A,N/A,N/A,N/A,N/A,N/A,3601.0,2702.0,899.0,25000.0,11666.0,35646.0,13404.0
St. Catherine University,227,Private,1905.0,Roman Catholic,4-1-4,Urban,(651) 690-6000,47800.0,55.0,NCAA III,47.0,62.0,64.0,73.0,63.8,2.0,11:1,rolling,N/A,77.0,0,46.0,46.0,8.0,0.0,0.0,4277.0,2983.0,1294.0,25404.0,9500.0,46494.0,9600.0
University of Colorado Denver,227,Public,1912.0,None,Semester,Urban,(303) 315-5969,52300.0,21.0,N/A,47.0,47.0,47.0,42.0,43.7,9.0,18:1,rolling,50.0,66.0,3.0,25.0,48.0,22.0,2.0,0.0,24724.0,14995.0,9729.0,21467.0,8250.0,11580.0,32820.0
University of Massachusetts--Boston,227,Public,1964.0,None,Semester,N/A,(617) 287-6000,52300.0,25.0,NCAA III,47.0,49.0,49.0,50.0,34.0,8.0,17:1,March 1,60.0,80.0,3.0,24.0,54.0,18.0,1.0,0.0,16259.0,12871.0,3388.0,23041.0,10273.0,14677.0,35139.0
University of Massachusetts--Dartmouth,227,Public,1895.0,None,Semester,Suburban,(508) 999-8000,53600.0,34.0,NCAA III,47.0,54.0,47.0,56.0,47.3,9.0,15:1,rolling,60.0,76.0,2.0,21.0,54.0,21.0,2.0,0.0,7869.0,6027.0,1842.0,26000.0,8250.0,14408.0,30153.0
"University of Nevada, Reno",227,Public,1874.0,None,Semester,City,(775) 784-4700,52100.0,37.0,NCAA I,47.0,59.0,53.0,64.0,48.1,16.0,17:1,April 7,60.0,87.0,6.0,30.0,50.0,13.0,0.0,0.0,20729.0,16852.0,3877.0,19500.0,7500.0,8588.0,24680.0
University of North Carolina--Charlotte,227,Public,1946.0,None,Semester,Urban,(704) 687-8622,51900.0,38.0,NCAA I,47.0,61.0,63.0,66.0,24.7,25.0,20:1,June 1,75.0,80.0,4.4,45.06,48.27,2.14,0.13,0.0,30146.0,24175.0,5971.0,22623.0,8285.0,6994.0,20542.0
Central Michigan University,239,Public,1892.0,None,Semester,Rural,(989) 774-4000,47900.0,33.0,NCAA I,46.0,61.0,54.0,69.0,33.5,6.0,18:1,rolling,40.0,69.0,3.2,24.4,51.3,21.0,0.2,0.0,17344.0,13048.0,4296.0,27000.0,9916.0,13538.0,13538.0
Clarke University,239,Private,1843.0,Roman Catholic,Semester,Urban,(563) 588-6300,44500.0,60.0,NAIA,46.0,64.0,59.0,68.0,74.9,0.0,8:1,rolling,N/A,57.0,0.0,15.0,38.0,40.0,6.0,0.0,855.0,659.0,196.0,26995.0,6500.0,36870.0,10400.0
The College of St. Scholastica,239,Private,1912.0,Roman Catholic,Semester,Suburban,(218) 723-6000,52900.0,61.0,NCAA III,46.0,69.0,60.0,73.0,64.1,1.0,14:1,rolling,N/A,73.0,0.0,38.0,54.0,0.0,8.0,0.0,3712.0,2244.0,1468.0,20500.0,9094.0,39410.0,10696.0
Edgewood College,239,Private,1927.0,Roman Catholic,Semester,City,(608) 663-4861,47900.0,N/A,NCAA III,46.0,63.0,N/A,N/A,82.2,0.0,N/A,Aug. 1,30.0,72.0,N/A,N/A,N/A,N/A,N/A,N/A,2038.0,1407.0,631.0,25125.0,10017.0,31700.0,11700.0
Georgia State University,239,Public,1913.0,None,Semester,Urban,(404) 413-2000,49800.0,29.0,NCAA I,46.0,54.0,54.0,52.0,20.8,23.0,27:1,April 1,60.0,67.0,2.0,16.0,49.0,31.0,2.0,0.0,36343.0,28772.0,7571.0,21665.0,8250.0,11076.0,30114.0
Oklahoma City University,239,Private,1904.0,United Methodist,Semester,Urban,(405) 208-5000,45600.0,N/A,NAIA,46.0,64.0,N/A,N/A,76.7,1.0,N/A,rolling,50.0,72.0,N/A,N/A,N/A,N/A,N/A,N/A,2615.0,1526.0,1089.0,21486.0,8298.0,32744.0,11136.0
University of Indianapolis,239,Private,1902.0,United Methodist,4-1-4,Urban,(317) 788-3368,46700.0,51.0,NCAA II,46.0,59.0,48.0,68.0,55.4,1.0,13:1,rolling,N/A,73.0,2.0,16.0,51.0,29.0,2.0,0.0,5535.0,4168.0,1367.0,26100.0,7191.0,33520.0,12444.0
University of Missouri--St. Louis,239,Public,1963.0,None,Semester,Urban,(314) 516-5000,49000.0,42.0,NCAA II,46.0,54.0,46.0,64.0,55.4,7.0,19:1,Aug. 20,35.0,58.0,2.0,45.0,39.0,13.0,0.0,0.0,13878.0,10977.0,2901.0,20838.0,10959.0,11390.0,30570.0
University of North Carolina at Greensboro,239,Public,1891.0,None,Semester,Urban,(336) 334-5000,43500.0,46.0,NCAA I,46.0,56.0,56.0,62.0,38.8,13.0,16:1,rolling,65.0,88.0,1.41,14.52,58.0,25.0,0.44,0.0,19764.0,15995.0,3769.0,22695.0,8797.0,7404.0,22564.0
University of South Dakota,239,Public,1862.0,None,Semester,Rural,(877) 269-6837,45500.0,43.0,N/A,46.0,59.0,47.0,65.0,51.9,6.0,16:1,N/A,N/A,91.0,N/A,N/A,N/A,N/A,N/A,N/A,9459.0,7103.0,2356.0,23937.0,9169.0,9432.0,12942.0
Bowling Green State University,249,Public,1910.0,None,Semester,Rural,(419) 372-2531,46100.0,44.0,NCAA I,45.0,57.0,50.0,66.0,38.8,12.0,19:1,July 15,45.0,75.0,1.73,23.51,58.17,16.2,0.4,0.0,18142.0,14988.0,3154.0,25000.0,8251.0,11011.0,19000.0
Harding University,249,Private,1924.0,Churches of Christ,Semester,Suburban,(501) 279-4000,46900.0,50.0,NCAA II,45.0,69.0,62.0,74.0,59.9,4.0,14:1,rolling,50.0,55.0,N/A,N/A,N/A,N/A,N/A,N/A,4619.0,3574.0,1045.0,26000.0,10000.0,22470.0,7674.0
Lesley University,249,Private,1909.0,None,Semester,City,(617) 868-9600,45400.0,N/A,NCAA III,45.0,60.0,N/A,N/A,70.0,0.0,N/A,July 15,N/A,75.0,N/A,N/A,N/A,N/A,N/A,N/A,4510.0,2128.0,2382.0,22748.0,8750.0,29450.0,16630.0
Lincoln Memorial University,249,Private,1897.0,None,Semester,Rural,(423) 869-3611,42500.0,42.0,NCAA II,45.0,56.0,43.0,60.0,68.9,3.0,13:1,rolling,N/A,69.0,1.0,26.0,53.0,20.0,0.0,0.0,4885.0,1817.0,3068.0,18750.0,8250.0,24210.0,10674.0
Sam Houston State University,249,Public,1879.0,None,Semester,Rural,(936) 294-1111,47700.0,34.0,NCAA I,45.0,54.0,57.0,60.0,29.5,11.0,23:1,Aug. 1,50.0,92.0,0.49,8.4,62.48,28.13,0.49,0.0,21725.0,18790.0,2935.0,22240.0,9500.0,11034.0,23274.0
University of Memphis,123,Public,1912.0,None,Semester,Urban,(901) 678-2000,48500.0,28.0,NCAA I,45.0,49.0,43.0,60.0,47.9,8.0,16:1,July 1,25.0,85.0,N/A,N/A,N/A,N/A,N/A,N/A,22205.0,17383.0,4822.0,25000.0,10500.0,9912.0,16764.0
University of Missouri--Kansas City,249,Public,1929.0,None,Semester,Urban,(816) 235-1000,50100.0,30.0,NCAA I,45.0,49.0,43.0,61.0,67.5,5.0,16:1,June 15,45.0,63.0,16.66,27.78,27.78,25.0,2.78,0.0,16156.0,11036.0,5120.0,18750.0,9500.0,11112.0,28026.0
"University of Nevada, Las Vegas",249,Public,1957.0,None,Semester,Urban,(702) 895-3011,48900.0,17.0,NCAA I,45.0,44.0,41.0,47.0,37.5,13.0,19:1,June 1,60.0,81.0,5.1,29.2,48.9,15.7,1.2,0.0,31140.0,25862.0,5278.0,18750.0,8250.0,9886.0,25977.0
University of New England,249,Private,1831.0,None,Semester,Suburban,(207) 283-0171,51600.0,56.0,NCAA III,45.0,64.0,57.0,64.0,52.9,7.0,13:1,Feb. 15,40.0,87.0,2.0,28.0,58.0,12.0,0.0,0.0,7208.0,4065.0,3143.0,25989.0,6772.0,39820.0,14810.0
University of North Dakota,249,Public,1883.0,None,Semester,City,(800) 225-5863,52800.0,35.0,NCAA I,45.0,58.0,49.0,64.0,38.8,14.0,17:1,Aug. 16,35.0,87.0,1.08,25.94,56.22,16.22,0.54,0.0,13615.0,9796.0,3819.0,23265.0,10678.0,10626.0,15067.0
University of St. Francis,249,Private,1920.0,Roman Catholic,Semester,Suburban,(800) 735-7500,49500.0,38.0,NAIA,45.0,62.0,51.0,66.0,73.2,0.0,14:1,Aug. 1,N/A,60.0,1.0,21.0,49.0,27.0,2.0,0.0,3342.0,1627.0,1715.0,23500.0,11000.0,35000.0,10210.0
Utah State University,249,Public,1888.0,None,Semester,City,(435) 797-1000,51600.0,N/A,NCAA I,45.0,50.0,48.0,48.0,51.1,11.0,19:1,rolling,50.0,91.0,10.5,40.8,39.0,9.7,0.1,0.0,27691.0,24647.0,3044.0,14500.0,5739.0,8055.0,23434.0
Wayne State University,249,Public,1868.0,None,Semester,Urban,(313) 577-2424,50300.0,24.0,NCAA II,45.0,49.0,45.0,59.0,26.5,14.0,16:1,Aug. 1,25.0,68.0,2.6,23.04,51.53,22.69,0.11,0.04,26251.0,17513.0,8738.0,22250.0,10734.0,15199.0,32727.0
West Virginia University,249,Public,1867.0,None,Semester,Suburban,(304) 442-3146,53800.0,N/A,NCAA I,45.0,59.0,N/A,N/A,N/A,N/A,N/A,Aug. 1,45.0,84.0,N/A,N/A,N/A,N/A,N/A,N/A,26839.0,21086.0,5753.0,23421.0,6864.0,8976.0,25320.0
Azusa Pacific University,263,Private,1899.0,Evangelical Christian,Semester,Suburban,(626) 969-3434,47700.0,51.0,NCAA II,44.0,66.0,54.0,71.0,67.9,2.0,10:1,June 1,45.0,94.0,8.0,36.8,38.0,15.2,2.0,0.0,9006.0,4498.0,4508.0,24250.0,13750.0,41410.0,9302.0
Baker University,263,Private,1858.0,United Methodist,4-1-4,Rural,(785) 594-6451,45700.0,50.0,NAIA,44.0,61.0,54.0,66.0,75.9,0.0,12:1,rolling,N/A,93.0,N/A,N/A,N/A,N/A,N/A,N/A,1149.0,1149.0,N/A,26041.0,9500.0,31600.0,8522.0
Delaware State University,263,Public,1891.0,None,Semester,Suburban,(302) 857-6060,42300.0,34.0,NCAA I,44.0,42.0,45.0,53.0,52.3,2.0,16:1,rolling,35.0,39.0,0.21,4.89,34.75,54.84,5.2,0.1,4739.0,4131.0,608.0,26000.0,9500.0,8258.0,17294.0
Inter American University of Puerto Rico--San German,263,Private,1912.0,None,Semester,Urban,(787) 264-1912,46900.0,N/A,N/A,44.0,44.0,N/A,N/A,47.2,2.0,24:1,rolling,N/A,45.0,N/A,N/A,N/A,N/A,N/A,N/A,3710.0,3143.0,567.0,9000.0,4750.0,6012.0,5664.0
Montana State University,263,Public,1893.0,None,Semester,City,(406) 994-0211,54500.0,29.0,NCAA I,44.0,56.0,43.0,60.0,46.7,12.0,17:1,rolling,38.0,81.0,9.0,46.0,36.0,8.0,1.0,0.0,16249.0,14240.0,2009.0,23374.0,8000.0,7520.0,26950.0
Old Dominion University,263,Public,1930.0,None,Semester,Urban,(757) 683-3000,49600.0,27.0,NCAA I,44.0,53.0,46.0,57.0,34.2,9.0,18:1,Feb. 1,50.0,95.0,1.0,18.0,49.0,31.0,1.0,0.0,24286.0,19622.0,4664.0,24500.0,11000.0,11520.0,31680.0
Shenandoah University,263,Private,1875.0,United Methodist,Semester,City,(540) 665-4500,52300.0,60.0,NCAA III,44.0,60.0,58.0,62.0,61.5,8.0,10:1,Aug. 1,30.0,74.0,2.0,30.0,48.0,19.0,1.0,0.0,4174.0,2267.0,1907.0,24439.0,14591.0,34490.0,11020.0
Southern Illinois University--Carbondale,263,Public,1869.0,None,Semester,Rural,(618) 453-2121,49100.0,32.0,NCAA I,44.0,44.0,35.0,60.0,66.8,3.0,11:1,rolling,40.0,92.0,0,22.84,47.81,28.59,0.76,0.0,11366.0,8299.0,3067.0,22000.0,11000.0,15240.0,15240.0
University of Alabama at Huntsville,263,Public,1969.0,None,Semester,City,(256) 824-1000,60100.0,31.0,NCAA II,44.0,54.0,48.0,60.0,31.3,9.0,19:1,Aug. 17,30.0,77.0,26.89,45.28,25.0,2.83,0.0,0.0,10000.0,8027.0,1973.0,21607.0,9000.0,11338.0,23734.0
University of Findlay,263,Private,1882.0,Church of God,Semester,City,(419) 422-8313,50900.0,N/A,NCAA II,44.0,63.0,N/A,N/A,64.7,2.0,16:1,rolling,N/A,79.0,N/A,N/A,N/A,N/A,N/A,N/A,4829.0,3732.0,1097.0,25000.0,7500.0,36720.0,10488.0
University of Nebraska Omaha,263,Public,1908.0,None,Semester,Urban,(402) 554-2800,49100.0,28.0,NCAA I,44.0,51.0,44.0,63.0,38.7,6.0,16:1,Aug. 1,45.0,82.0,N/A,N/A,N/A,N/A,N/A,N/A,15892.0,12768.0,3124.0,19724.0,8250.0,8136.0,21718.0
University of North Florida,263,Public,1965.0,None,Semester,Urban,(904) 620-1000,47800.0,39.0,NCAA I,44.0,60.0,58.0,62.0,27.2,13.0,19:1,June 1,30.0,80.0,2.0,28.0,59.0,11.0,0.0,0.0,16926.0,14550.0,2376.0,16341.0,7500.0,7075.0,20793.0
University of the Incarnate Word,41,Private,1881.0,Roman Catholic,Semester,Urban,(210) 829-6000,45800.0,46.0,NCAA I,44.0,53.0,53.0,63.0,61.9,2.0,12:1,rolling,N/A,97.0,N/A,N/A,N/A,N/A,N/A,N/A,7917.0,5081.0,2836.0,27000.0,12342.0,33100.0,13122.0
Western Michigan University,263,Public,1903.0,None,Semester,City,(269) 387-1000,49900.0,27.0,NCAA I,44.0,55.0,49.0,62.0,43.6,10.0,18:1,rolling,40.0,85.0,2.1,26.1,49.8,20.3,1.7,0.0,20490.0,16554.0,3936.0,26000.0,10996.0,14257.0,17591.0
Campbell University,277,Private,1887.0,Baptist,Semester,Rural,(800) 334-4111,44600.0,41.0,NCAA I,43.0,52.0,42.0,63.0,57.0,4.0,15:1,rolling,N/A,81.0,2.0,25.0,48.0,25.0,0.0,0.0,5964.0,3720.0,2244.0,22500.0,9500.0,38160.0,13625.0
Concordia University Wisconsin,277,Private,1881.0,Lutheran Church - Missouri Synod,4-1-4,Suburban,(262) 243-5700,46900.0,49.0,NCAA III,43.0,60.0,53.0,66.0,57.1,2.0,11:1,N/A,N/A,71.0,N/A,N/A,N/A,N/A,N/A,N/A,5493.0,3095.0,2398.0,25000.0,9500.0,31952.0,11750.0
Florida Atlantic University,277,Public,1961.0,None,Semester,City,(561) 297-3000,48000.0,34.0,NCAA I,43.0,52.0,56.0,55.0,16.9,22.0,23:1,May 1,30.0,75.0,3.0,24.0,66.9,6.0,0.1,0.0,30808.0,25562.0,5246.0,17819.0,8250.0,6099.0,21655.0
Gardner-Webb University,277,Private,1905.0,Baptist,Semester,Rural,(704) 406-4000,41400.0,N/A,NCAA I,43.0,54.0,N/A,N/A,72.8,0.0,N/A,rolling,N/A,67.0,N/A,N/A,N/A,N/A,N/A,N/A,3521.0,1999.0,1522.0,23697.0,7500.0,31960.0,10540.0
Louisiana Tech University,277,Public,1894.0,None,Quarter,Rural,(318) 257-0211,54100.0,42.0,NCAA I,43.0,57.0,49.0,67.0,47.5,8.0,23:1,rolling,20.0,64.0,6.0,34.0,46.0,14.0,0.0,0.0,11126.0,10013.0,1113.0,21500.0,7500.0,10635.0,19548.0
North Carolina Agricultural and Technical State University,277,Public,1891.0,None,Semester,Urban,(336) 334-7500,54900.0,26.0,NCAA I,43.0,50.0,48.0,59.0,28.0,5.0,18:1,June 1,60.0,57.0,0.5,12.9,51.2,35.0,3.0,0.0,12753.0,11130.0,1623.0,27706.0,9750.0,6733.0,20243.0
North Dakota State University,277,Public,1890.0,None,Semester,City,(701) 231-8011,54600.0,38.0,NCAA I,43.0,60.0,50.0,65.0,34.4,24.0,16:1,Aug. 1,N/A,94.0,8.7,23.18,55.08,13.04,0.0,0.0,12846.0,10555.0,2291.0,23250.0,6500.0,10168.0,14471.0
Regent University,277,Private,1978.0,Undenominational,Semester,Suburban,(800) 373-5504,42500.0,50.0,N/A,43.0,60.0,53.0,65.0,68.8,0.0,19:1,Aug. 1,50.0,50.0,2.0,30.0,39.0,29.0,0.0,0.0,10539.0,4539.0,6000.0,23537.0,7727.0,18820.0,7004.0
Tennessee Tech University,277,Public,1915.0,None,Semester,Rural,(931) 372-3101,55600.0,35.0,NCAA I,43.0,54.0,48.0,62.0,52.2,9.0,18:1,rolling,25.0,80.0,10.0,29.0,40.0,21.0,1.0,0.0,10177.0,8778.0,1399.0,17000.0,5500.0,10522.0,16027.0
University of Montana,277,Public,1893.0,None,Semester,Urban,(406) 243-0211,44500.0,30.0,NCAA I,43.0,49.0,37.0,52.0,59.0,8.0,18:1,July 31,30.0,96.0,5.0,31.0,51.0,12.0,1.0,0.0,9808.0,6975.0,2833.0,22500.0,10400.0,7492.0,28252.0
University of North Texas,277,Public,1890.0,None,Semester,City,(940) 565-2000,48600.0,38.0,NCAA I,43.0,55.0,57.0,59.0,31.2,19.0,26:1,Aug. 1,75.0,84.0,5.14,28.46,53.95,11.79,0.66,0.0,40653.0,32694.0,7959.0,20000.0,9000.0,11994.0,24234.0
Dallas Baptist University,288,Private,1898.0,Baptist,4-1-4,Suburban,(214) 333-7100,48400.0,44.0,NCAA II,42.0,56.0,41.0,61.0,65.5,3.0,14:1,rolling,N/A,99.0,2.0,21.0,51.5,20.5,5.0,0.0,4247.0,2874.0,1373.0,21536.0,9500.0,33620.0,8528.0
East Tennessee State University,288,Public,1911.0,None,Semester,City,(423) 439-1000,44300.0,32.0,NCAA I,42.0,47.0,40.0,58.0,55.9,6.0,16:1,Aug. 15,25.0,78.0,3.0,16.0,43.0,38.0,0.0,0.0,13713.0,10705.0,3008.0,20500.0,7500.0,9259.0,27406.0
Long Island University,288,Private,1926.0,None,Semester,N/A,(516) 299-2000,51700.0,27.0,NCAA I,42.0,45.0,42.0,49.0,64.3,1.0,10:1,rolling,50.0,85.0,6.0,41.0,49.0,5.0,0.0,0.0,15066.0,10403.0,4663.0,23500.0,10000.0,39920.0,N/A
Marshall University,288,Public,1837.0,None,Semester,City,(304) 696-3170,43100.0,29.0,NCAA I,42.0,49.0,42.0,59.0,49.7,4.0,18:1,Aug. 9,40.0,89.0,1.04,14.36,47.08,33.52,4.0,0.0,11957.0,8771.0,3186.0,23826.0,9500.0,8552.0,19606.0
Middle Tennessee State University,288,Public,1911.0,None,Semester,City,(615) 898-2300,45400.0,30.0,NCAA I,42.0,47.0,44.0,57.0,59.9,5.0,17:1,rolling,25.0,94.0,2.3,23.9,47.7,25.2,0.9,0.0,22080.0,19188.0,2892.0,21500.0,8250.0,9592.0,29584.0
Northern Arizona University,288,Public,1899.0,None,Semester,City,(928) 523-9011,48100.0,42.0,NCAA I,42.0,55.0,50.0,61.0,22.1,19.0,22:1,Aug. 1,25.0,82.0,3.0,31.0,52.0,13.0,1.0,0.0,29569.0,25230.0,4339.0,19500.0,7500.0,11896.0,26642.0
Portland State University,288,Public,1946.0,None,Quarter,Urban,(503) 725-3000,49300.0,26.0,NCAA I,42.0,49.0,44.0,50.0,39.3,11.0,18:1,rolling,50.0,95.0,2.0,24.0,48.0,25.0,2.0,0.0,23979.0,18959.0,5020.0,21500.0,11658.0,8649.0,23769.0
South Dakota State University,288,Public,1881.0,None,Semester,Rural,(605) 688-4121,50300.0,41.0,NCAA I,42.0,57.0,47.0,63.0,30.0,19.0,17:1,Sept. 1,20.0,89.0,8.0,29.33,40.0,20.0,2.67,0.0,11405.0,9976.0,1429.0,23502.0,8750.0,9299.0,12809.0
University of Hawaii at Hilo,288,Public,1947.0,None,Semester,Rural,(808) 932-7446,44600.0,15.0,NCAA II,42.0,41.0,45.0,31.0,49.8,3.0,13:1,July 1,50.0,45.0,0.9,16.14,55.16,26.46,1.34,0.0,3165.0,2671.0,494.0,19432.0,9542.0,7838.0,20798.0
University of Puerto Rico--Rio Piedras,288,Public,1903.0,None,Semester,City,(787) 764-0000,41800.0,N/A,NAIA,42.0,57.0,N/A,N/A,N/A,N/A,N/A,Jan. 31,N/A,49.0,N/A,N/A,N/A,N/A,N/A,N/A,14395.0,11254.0,3141.0,5500.0,5500.0,4198.0,4198.0
University of Texas at Arlington,288,Public,1895.0,None,Semester,Urban,(817) 272-2011,56800.0,28.0,NCAA I,42.0,51.0,51.0,54.0,29.1,30.0,24:1,Aug. 20,75.0,88.0,4.79,30.64,53.05,11.25,0.27,0.0,48072.0,35064.0,13008.0,18747.0,8328.0,11727.0,29299.0